-- MySQL dump 10.13  Distrib 8.0.23, for Win64 (x86_64)
--
-- Host: localhost    Database: movie_db
-- ------------------------------------------------------
-- Server version	8.0.23

/*!40101 SET @OLD_CHARACTER_SET_CLIENT=@@CHARACTER_SET_CLIENT */;
/*!40101 SET @OLD_CHARACTER_SET_RESULTS=@@CHARACTER_SET_RESULTS */;
/*!40101 SET @OLD_COLLATION_CONNECTION=@@COLLATION_CONNECTION */;
/*!50503 SET NAMES utf8mb4 */;
/*!40103 SET @OLD_TIME_ZONE=@@TIME_ZONE */;
/*!40103 SET TIME_ZONE='+00:00' */;
/*!40014 SET @OLD_UNIQUE_CHECKS=@@UNIQUE_CHECKS, UNIQUE_CHECKS=0 */;
/*!40014 SET @OLD_FOREIGN_KEY_CHECKS=@@FOREIGN_KEY_CHECKS, FOREIGN_KEY_CHECKS=0 */;
/*!40101 SET @OLD_SQL_MODE=@@SQL_MODE, SQL_MODE='NO_AUTO_VALUE_ON_ZERO' */;
/*!40111 SET @OLD_SQL_NOTES=@@SQL_NOTES, SQL_NOTES=0 */;

--
-- Table structure for table `account_info`
--

DROP TABLE IF EXISTS `account_info`;
/*!40101 SET @saved_cs_client     = @@character_set_client */;
/*!50503 SET character_set_client = utf8mb4 */;
CREATE TABLE `account_info` (
  `ai_seq` int NOT NULL AUTO_INCREMENT,
  `ai_id` varchar(20) NOT NULL,
  `ai_pwd` varchar(64) NOT NULL,
  `ai_name` varchar(50) NOT NULL,
  `ai_nickname` varchar(10) DEFAULT NULL,
  `ai_birth` date NOT NULL,
  `ai_gen` int NOT NULL DEFAULT '0',
  `ai_reg_dt` datetime NOT NULL DEFAULT CURRENT_TIMESTAMP,
  `ai_status` int NOT NULL DEFAULT '1',
  PRIMARY KEY (`ai_seq`)
) ENGINE=InnoDB AUTO_INCREMENT=276 DEFAULT CHARSET=utf8mb4 COLLATE=utf8mb4_0900_ai_ci;
/*!40101 SET character_set_client = @saved_cs_client */;

--
-- Dumping data for table `account_info`
--

LOCK TABLES `account_info` WRITE;
/*!40000 ALTER TABLE `account_info` DISABLE KEYS */;
INSERT INTO `account_info` VALUES (1,'user001','1234','서민영','꽁꽁','1982-05-27',2,'2022-11-21 12:41:06',1),(2,'user002','1234','최민은','달빛','1976-01-13',2,'2022-11-21 12:41:06',1),(3,'user003','1234','이예영','요미코','1968-10-19',2,'2022-11-21 12:41:06',1),(4,'user004','1234','장시혁','케인','2004-05-12',1,'2022-11-21 12:41:06',1),(5,'user005','1234','한서원','소림','1979-06-03',1,'2022-11-21 12:41:06',1),(6,'user006','1234','박예진','듀드직','1986-06-07',2,'2022-11-21 12:41:06',1),(7,'user007','1234','박하혁','조양천존','2001-11-25',1,'2022-11-21 12:41:06',1),(8,'user008','1234','박예은','빌게이츠용서할게이츠','2006-03-27',2,'2022-11-21 12:41:06',1),(9,'user009','1234','서은진','볼라누스','1997-10-06',2,'2022-11-21 12:41:06',1),(10,'user010','1234','임은우','한살','1995-09-10',1,'2022-11-21 12:41:06',1),(11,'user1','1234','남현우','크리스마스보이','1997-10-18',1,'2022-11-21 13:14:10',1),(12,'user2','1234','조기현','로기로기','1997-08-07',1,'2022-11-21 13:14:10',1),(13,'user3','1234','최응수','아기','1987-08-10',2,'2022-11-21 13:14:10',1),(14,'user4','1234','최팔만','루돌프','1994-11-08',1,'2022-11-21 13:14:10',1),(15,'user5','1234','최도수','산타','1954-12-24',2,'2022-11-21 13:14:10',1),(16,'user6','1234','김팔협','사슴코','2003-01-30',2,'2022-11-21 13:14:10',1),(17,'user7','1234','오장춘','도라에몽','2001-07-24',2,'2022-11-21 13:14:10',1),(18,'user8','1234','남궁자','짱구','1991-06-17',1,'2022-11-21 13:14:10',1),(19,'user9','1234','우최돈','닌자토리','1967-03-08',2,'2022-11-21 13:14:10',1),(20,'user10','1234','마후협','나루토','1973-09-12',1,'2022-11-21 13:14:10',1),(21,'user111','1234','이유진','진진','2004-12-18',2,'2022-11-21 13:23:00',1),(22,'user112','1234','박하원','원원','2004-12-23',1,'2022-11-21 13:23:00',1),(23,'user113','1234','장예유','유유','1990-12-15',2,'2022-11-21 13:23:00',1),(24,'user114','1234','임다우','우우','2001-06-03',1,'2022-11-21 13:23:00',1),(25,'user115','1234','김현우','김우','1981-05-18',1,'2022-11-21 13:23:00',1),(26,'user116','1234','서예유','예예','1988-11-14',2,'2022-11-21 13:23:00',1),(27,'user117','1234','최시현','현현','1987-03-23',1,'2022-11-21 13:23:00',1),(28,'user118','1234','한시현','시시','2000-12-15',2,'2022-11-21 13:23:00',1),(29,'user119','1234','조예영','영영','1987-11-15',2,'2022-11-21 13:23:00',1),(30,'user120','1234','장현진','장장','1993-03-22',1,'2022-11-21 13:23:00',1),(31,'duddms001','1234','김솔로','나는 솔로','1992-05-17',2,'2022-11-21 13:44:27',1),(32,'duddms002','1234','탁지안','탁구','1956-04-13',2,'2022-11-21 13:44:27',1),(33,'wrko613','1234','이부액','이부진','1994-04-19',2,'2022-11-21 13:44:27',1),(34,'wrko0613','1234','윤마황','진시황','2010-06-12',1,'2022-11-21 13:44:27',1),(35,'dudsl05','1234','전오덕','오리','1999-03-03',1,'2022-11-21 13:44:27',1),(36,'dudsl06','1234','오탁훈','두둥탁','1997-02-07',2,'2022-11-21 13:44:27',1),(37,'dfosj07','1234','봉생일','암낫봉','2004-12-25',1,'2022-11-21 13:44:27',1),(38,'duddnd08','1234','조용희','비콰이엇','2007-06-27',2,'2022-11-21 13:44:27',1),(39,'gotqlc09','1234','고진래','고진감래','2001-01-06',2,'2022-11-21 13:44:27',1),(40,'rhfhsl1','1234','문지기','문알열어줘 메롱','2005-11-10',1,'2022-11-21 13:44:27',1),(41,'member001','장민호','1234','이카루스','1994-04-11',2,'2022-11-21 14:24:17',1),(42,'member015','김다미','1234','방자고기','1956-01-19',1,'2022-11-21 14:24:17',1),(43,'member751','임동원','1234','바레스','1998-07-19',1,'2022-11-21 14:24:17',1),(44,'member841','류서영','1234','호퍼차','2002-07-12',2,'2022-11-21 14:24:17',1),(45,'member864','유민기','1234','공간파','1956-08-13',1,'2022-11-21 14:24:17',1),(46,'member641','황진희','1234','브라질너트','1987-02-07',2,'2022-11-21 14:24:17',1),(47,'member138','서정일','1234','카이트보드','2019-05-25',1,'2022-11-21 14:24:17',1),(48,'member415','하광민','1234','자송','1995-01-12',2,'2022-11-21 14:24:17',1),(49,'member158','고승남','1234','마의','1997-06-13',2,'2022-11-21 14:24:17',1),(50,'member374','장해남','1234','노사','1947-04-22',1,'2022-11-21 14:24:17',1),(51,'hsrdx001','1234','최서아','라푼젤','1998-04-24',2,'2022-11-21 14:27:58',1),(52,'hsrdx002','1234','이우영','미래소년코나와','1982-01-20',1,'2022-11-21 14:27:58',1),(53,'hsrdx003','1234','윤지우','푼다누스','1987-08-09',1,'2022-11-21 14:27:58',1),(54,'hsrdx004','1234','신현우','벼랑위의당뇨','1968-05-09',1,'2022-11-21 14:27:58',1),(55,'hsrdx005','1234','신예현','프리저','2002-05-15',2,'2022-11-21 14:27:58',1),(56,'hsrdx006','1234','박우영','율피우스','1986-08-28',1,'2022-11-21 14:27:58',1),(57,'hsrdx007','1234','임현유','크리사','2001-04-08',1,'2022-11-21 14:27:58',1),(58,'hsrdx008','1234','최서후','토리','1997-12-21',1,'2022-11-21 14:27:58',1),(59,'hsrdx009','1234','최현진','라이언','1990-06-14',2,'2022-11-21 14:27:58',1),(60,'hsrdx010','1234','윤서후','크세노판네스','1970-12-13',1,'2022-11-21 14:27:58',1),(61,'user001','1234','박성숙','헤티','2005-11-26',2,'2022-11-21 14:32:38',1),(62,'user002','1234','양광희','발란테스','1986-04-17',1,'2022-11-21 14:32:38',1),(63,'user003','1234','노미옥','음풍수사','1980-01-20',2,'2022-11-21 14:32:38',1),(64,'user004','1234','배민성','바투','2001-04-23',1,'2022-11-21 14:32:38',1),(65,'user005','1234','전은혜','제타','2004-03-04',2,'2022-11-21 14:32:38',1),(66,'user006','1234','복태진','안티오페','2006-04-28',1,'2022-11-21 14:32:38',1),(67,'user007','1234','성승윤','바큐야','1998-08-20',1,'2022-11-21 14:32:38',1),(68,'user008','1234','송광수','리틀','1991-10-24',1,'2022-11-21 14:32:38',1),(69,'user009','1234','오주호','피터','1985-08-17',1,'2022-11-21 14:32:38',1),(70,'user010','1234','오정희','개미','1981-10-06',2,'2022-11-21 14:32:38',1),(81,'Qser001','1234','최민숙','아이스','1987-06-27',2,'2022-11-21 14:34:11',1),(82,'Qer002','1234','최민영','문라이트','1966-05-13',2,'2022-11-21 14:34:11',1),(83,'Qser003','1234','이영시','요루코','1969-07-19',2,'2022-11-21 14:34:11',1),(84,'Qser004','1234','장시원','케이키','2006-08-13',1,'2022-11-21 14:34:11',1),(85,'Qser005','1234','서하우','싸커','1979-11-22',1,'2022-11-21 14:34:11',1),(86,'Qser006','1234','최예은','베이직','1976-12-25',2,'2022-11-21 14:34:11',1),(87,'Qser007','1234','김하진','워니악','2005-07-21',1,'2022-11-21 14:34:11',1),(88,'Qser008','1234','장혁','브라우니','2003-04-03',1,'2022-11-21 14:34:11',1),(89,'Qser009','1234','은서진','코로나19','1987-08-23',2,'2022-11-21 14:34:11',1),(90,'Qser010','1234','임연진','타이레놀','1989-06-23',1,'2022-11-21 14:34:11',1),(91,'user01','1234','조승진','도외시','2005-11-26',2,'2022-11-21 14:34:16',1),(92,'user02','1234','오예혁','화물조역','1968-03-04',2,'2022-11-21 14:34:16',1),(93,'user03','1234','임민후','목화석','1986-04-17',2,'2022-11-21 14:34:16',1),(94,'user04','1234','오은원','차견','1980-01-20',1,'2022-11-21 14:34:16',1),(95,'user05','1234','최하아','경판각','1978-10-11',1,'2022-11-21 14:34:16',1),(96,'user06','1234','서도후','차견','2001-08-12',2,'2022-11-21 14:34:16',1),(97,'user07','1234','김다우','보온대','1999-09-21',1,'2022-11-21 14:34:16',1),(98,'user08','1234','서유원','삼발뼈벌레','1977-09-22',2,'2022-11-21 14:34:16',1),(99,'user09','1234','정지혁','이데오그람','2006-11-19',2,'2022-11-21 14:34:16',1),(100,'user10','1234','박현유','관재관장','2004-10-14',1,'2022-11-21 14:34:16',1),(101,'user001','1234','우현주','겸둥이','2001-01-01',2,'2022-11-21 14:35:07',1),(102,'user002','1234','차은우','은우짱','2003-05-13',1,'2022-11-21 14:35:07',1),(103,'user003','1234','김동현','동현쓰','1995-09-30',1,'2022-11-21 14:35:07',1),(104,'user004','1234','우민경','우찡','1995-09-18',2,'2022-11-21 14:35:07',1),(105,'user005','1234','김태리','태리야끼','2018-12-26',2,'2022-11-21 14:35:07',1),(106,'user006','1234','한소희','녜쁨','2020-06-08',1,'2022-11-21 14:35:07',1),(107,'user007','1234','김권','잘생김','2022-10-17',1,'2022-11-21 14:35:07',1),(108,'user008','1234','박정은','프린세스','1994-03-27',2,'2022-11-21 14:35:07',1),(109,'user009','1234','전종서','에쁨','1991-10-06',2,'2022-11-21 14:35:07',1),(110,'user010','1234','정우성','짜릿해','1989-05-20',1,'2022-11-21 14:35:07',1),(111,'user001','1234','윤서진','꽁꽁','1983-11-05',2,'2022-11-21 14:35:52',1),(112,'user002','1234','최승혁','달빛','1976-01-13',1,'2022-11-21 14:35:52',1),(113,'user003','1234','한예혁','요미코','1979-05-17',1,'2022-11-21 14:35:52',1),(114,'user004','1234','정예후','케인','1981-11-16',1,'2022-11-21 14:35:52',1),(115,'user005','1234','한지아','소림','1969-03-26',2,'2022-11-21 14:35:52',1),(116,'user006','1234','임서진','듀드직','2006-01-20',2,'2022-11-21 14:35:52',1),(117,'user007','1234','서시혁','조양천존','1980-07-24',1,'2022-11-21 14:35:52',1),(118,'user008','1234','박예은','빌게이츠용서할게이츠','2006-03-27',2,'2022-11-21 14:35:52',1),(119,'user009','1234','서은진','볼라누스','1997-10-06',2,'2022-11-21 14:35:52',1),(120,'user010','1234','임은우','한살','1995-09-10',1,'2022-11-21 14:35:52',1),(121,'user001','1234','유상연','덜덜','2001-08-15',2,'2022-11-21 14:36:55',1),(122,'user002','1234','유연상','달빛햇빛','1976-01-13',2,'2022-11-21 14:36:55',1),(123,'user003','1234','연유상','코미요','1967-10-19',1,'2022-11-21 14:36:55',1),(124,'user004','1234','연상유','다르킨','2004-05-12',1,'2022-11-21 14:36:55',1),(125,'user005','1234','상연유','소림축구','1979-06-03',1,'2022-11-21 14:36:55',1),(126,'user006','1234','상유연','뮤직','1986-06-07',2,'2022-11-21 14:36:55',1),(127,'user007','1234','유상','조양천조','2001-11-25',1,'2022-11-21 14:36:55',1),(128,'user008','1234','상연','빌게이츠','2006-03-27',1,'2022-11-21 14:36:55',1),(129,'user009','1234','연상','볼라스누','2001-10-06',1,'2022-11-21 14:36:55',1),(130,'user010','1234','우연','두살','1995-09-10',2,'2022-11-21 14:36:55',1),(131,'user001','1234','음바페','psg7번','1998-12-20',2,'2022-11-21 14:37:42',1),(132,'user002','1234','나바스','남바원 골키퍼','1986-12-15',2,'2022-11-21 14:37:42',1),(133,'user003','1234','하키미','요미코','1998-11-04',1,'2022-11-21 14:37:42',1),(134,'user004','1234','라모스','빌게이츠용서할게이츠','1986-03-30',2,'2022-11-21 14:37:42',1),(135,'user005','1234','베라티','조선제일검','1992-11-05',2,'2022-11-21 14:37:42',1),(136,'user006','1234','다닐루','한살','1991-09-09',1,'2022-11-21 14:37:42',1),(137,'user007','1234','네이마르jr','축구1대장','1992-02-05',1,'2022-11-21 14:37:42',1),(138,'user008','1234','멘데스','볼라루스','2002-06-19',2,'2022-11-21 14:37:42',1),(139,'user009','1234','돈나룸바','소림','1999-02-25',2,'2022-11-21 14:37:42',1),(140,'user010','1234','마르퀴뇨스','듀드직','1994-05-14',1,'2022-11-21 14:37:42',1),(141,'milk1111','1234','임예진','milk','1987-12-11',2,'2022-11-21 14:38:41',1),(142,'gon12345','1234','엄준식','UYKHJHVT','1991-09-04',1,'2022-11-21 14:38:41',1),(143,'asdfghjk','1234','이진국','카라스','2002-07-12',1,'2022-11-21 14:38:41',1),(144,'ann222222','1234','김수희','쑤','1999-05-21',2,'2022-11-21 14:38:41',1),(145,'mink6785','1234','박지훈','비행기','1971-04-14',1,'2022-11-21 14:38:41',1),(146,'foweazxr','1234','최예진','Abc123','1993-08-07',2,'2022-11-21 14:38:41',1),(147,'qqonnqer','1234','진혜원','히든럭키','1981-03-17',2,'2022-11-21 14:38:41',1),(148,'forziet','1234','박혁세','위인일세','2003-11-15',1,'2022-11-21 14:38:41',1),(149,'nail0987','1234','홍혜희','rocker','1977-08-15',2,'2022-11-21 14:38:41',1),(150,'purereee','1234','김수로','퓨어','2005-12-18',1,'2022-11-21 14:38:41',1),(151,'user001','1234','윤서진','꽁꽁','1983-11-05',2,'2022-11-21 14:38:43',1),(152,'user002','1234','최승혁','달빛','1976-01-13',1,'2022-11-21 14:38:43',1),(153,'user003','1234','한예혁','요미코','1979-05-17',1,'2022-11-21 14:38:43',1),(154,'user004','1234','정예후','케인','1981-11-16',1,'2022-11-21 14:38:43',1),(155,'user005','1234','한지아','소림','1969-03-26',2,'2022-11-21 14:38:43',1),(156,'user006','1234','임서진','듀드직','2006-01-20',2,'2022-11-21 14:38:43',1),(157,'user007','1234','서시혁','조양천존','1980-07-24',1,'2022-11-21 14:38:43',1),(158,'user008','1234','박예은','빌게이츠용서할게이츠','2006-03-27',2,'2022-11-21 14:38:43',1),(159,'user009','1234','서은진','볼라누스','1997-10-06',2,'2022-11-21 14:38:43',1),(160,'user010','1234','임은우','한살','1995-09-10',1,'2022-11-21 14:38:43',1),(161,'user011','1234','탁경식','지평면','1982-05-27',1,'2022-11-21 14:41:03',1),(162,'user012','1234','전유미','몸무게','1976-01-13',2,'2022-11-21 14:41:03',1),(163,'user013','1234','조현미','신경액','1968-10-19',2,'2022-11-21 14:41:03',1),(164,'user014','1234','장희윤','발전사','2004-05-12',3,'2022-11-21 14:41:03',1),(165,'user015','1234','제갈진옥','피카부','1979-06-03',1,'2022-11-21 14:41:03',1),(166,'user016','1234','오성혜','지릉','1986-06-07',2,'2022-11-21 14:41:03',1),(167,'user017','1234','권승훈','자리','2001-11-25',1,'2022-11-21 14:41:03',1),(168,'user018','1234','고용식','념증','2006-03-27',1,'2022-11-21 14:41:03',1),(169,'user019','1234','정용희','끼이','1997-10-06',1,'2022-11-21 14:41:03',1),(170,'user020','1234','김선재','록임','1995-09-10',1,'2022-11-21 14:41:03',1),(171,'user001','1234','윤서진','꽁꽁','1983-11-05',2,'2022-11-21 14:41:03',1),(172,'user002','1234','최승혁','달빛','1976-01-13',1,'2022-11-21 14:41:03',1),(173,'user003','1234','한예혁','요미코','1979-05-17',1,'2022-11-21 14:41:03',1),(174,'user004','1234','정예후','케인','1981-11-16',1,'2022-11-21 14:41:03',1),(175,'user005','1234','한지아','소림','1969-03-26',2,'2022-11-21 14:41:03',1),(176,'user006','1234','임서진','듀드직','2006-01-20',2,'2022-11-21 14:41:03',1),(177,'user007','1234','서시혁','조양천존','1980-07-24',1,'2022-11-21 14:41:03',1),(178,'user008','1234','박예은','빌게이츠용서할게이츠','2006-03-27',2,'2022-11-21 14:41:03',1),(179,'user009','1234','서은진','볼라누스','1997-10-06',2,'2022-11-21 14:41:03',1),(180,'user010','1234','임은우','한살','1995-09-10',1,'2022-11-21 14:41:03',1),(181,'hyeonyu','1234','최현유','꽁꽁','2003-04-08',1,'2022-11-21 14:42:00',1),(182,'seunghyeon','1234','이승현','얼얼한 마라탕','2007-10-09',1,'2022-11-21 14:42:00',1),(183,'jiu','1234','윤지우','김밥','2001-10-25',2,'2022-11-21 14:42:00',1),(184,'hyena','1234','오현아','스시','2005-09-14',2,'2022-11-21 14:42:00',1),(185,'eunyu','1234','윤은유','만두','2009-10-24',2,'2022-11-21 14:42:00',1),(186,'jia','1234','오지아','자연산','2002-01-20',2,'2022-11-21 14:42:00',1),(187,'seunghyeonlim','1234','임승현','활어회','1999-01-09',1,'2022-11-21 14:42:00',1),(188,'sihyeon','1234','이시현','폭풍테란','2000-02-27',1,'2022-11-21 14:42:00',1),(189,'jiakim','1234','김지아','피겨여제','2002-08-05',2,'2022-11-21 14:42:00',1),(190,'seohyeok','1234','이서혁','내가낸데','2011-03-20',1,'2022-11-21 14:42:00',1),(191,'user001','1234','서민욱','쌍둥이 오빠','1982-05-25',1,'2022-11-21 14:43:57',1),(192,'user002','1234','최민식','쌍칼','1975-02-13',1,'2022-11-21 14:43:57',1),(193,'user003','1234','이예영','요미코','1965-11-19',2,'2022-11-21 14:43:57',1),(194,'user004','1234','장문혁','코케인','2001-05-12',1,'2022-11-21 14:43:57',1),(195,'user005','1234','한수진','소림사','1980-06-03',2,'2022-11-21 14:43:57',1),(196,'user006','1234','박예은','듀드','1996-06-07',2,'2022-11-21 14:43:57',1),(197,'user007','1234','박하시','조양천','2004-03-25',2,'2022-11-21 14:43:57',1),(198,'user008','1234','서민수','츠츠츠','2011-11-25',1,'2022-11-21 14:43:57',1),(199,'user009','1234','박예빈','볼살스','1990-10-06',2,'2022-11-21 14:43:57',1),(200,'user010','1234','차은우','존잘','1991-09-10',1,'2022-11-21 14:43:57',1),(201,'user101','1234','한민지','메롱','1973-04-22',2,'2022-11-21 14:44:10',1),(202,'user102','1234','최민현','코난','1976-01-13',1,'2022-11-21 14:44:10',1),(203,'user103','1234','이윤미','미야','1968-11-13',2,'2022-11-21 14:44:10',1),(204,'user104','1234','현지혁','지지','2001-02-10',1,'2022-11-21 14:44:10',1),(205,'user105','1234','박현지','혀니지','1989-04-03',2,'2022-11-21 14:44:10',1),(206,'user106','1234','장예은','예예','1999-08-27',2,'2022-11-21 14:44:10',1),(207,'user107','1234','윤미은','미미','2004-11-11',2,'2022-11-21 14:44:10',1),(208,'user108','1234','신한서','굿잡굿잡','2002-04-27',1,'2022-11-21 14:44:10',1),(209,'user109','1234','안민수','민수라구','1998-12-06',1,'2022-11-21 14:44:10',1),(210,'user110','1234','최진호','호랑이','1995-09-11',1,'2022-11-21 14:44:10',1),(211,'abcd01','1234','유강남','럿데포수','1992-07-15',1,'2022-11-21 14:44:39',1),(212,'abcd02','1234','홍길동','길동이','1988-08-08',1,'2022-11-21 14:44:39',1),(213,'abcd03','1234','이길동','동동','1996-05-13',2,'2022-11-21 14:44:39',1),(214,'abcd04','1234','송길동','송송','2002-01-01',2,'2022-11-21 14:44:39',1),(215,'abcd05','1234','박길동','박박','1997-03-14',1,'2022-11-21 14:44:39',1),(216,'abcd06','1234','유길동','유길','2001-08-29',2,'2022-11-21 14:44:39',1),(217,'abcd07','1234','임길동','임씨','1999-04-30',2,'2022-11-21 14:44:39',1),(218,'abcd08','1234','한길동','한길덩','1992-05-06',1,'2022-11-21 14:44:39',1),(219,'abcd09','1234','성길동','승길덩','2000-08-25',2,'2022-11-21 14:44:39',1),(220,'abcd10','1234','양길동','양양양','1996-12-12',1,'2022-11-21 14:44:39',1),(221,'user001','1234','윤서진','꽁꽁','1983-11-05',2,'2022-11-21 14:46:12',1),(222,'user002','1234','최승혁','달빛','1976-01-13',1,'2022-11-21 14:46:12',1),(223,'user003','1234','한예혁','요미코','1979-05-17',1,'2022-11-21 14:46:12',1),(224,'user004','1234','정예후','케인','1981-11-16',1,'2022-11-21 14:46:12',1),(225,'user005','1234','한지아','소림','1969-03-26',2,'2022-11-21 14:46:12',1),(226,'user006','1234','임서진','듀드직','2006-01-20',2,'2022-11-21 14:46:12',1),(227,'user007','1234','서시혁','조양천존','1980-07-24',1,'2022-11-21 14:46:12',1),(228,'user008','1234','박예은','빌게이츠용서할게이츠','2006-03-27',2,'2022-11-21 14:46:12',1),(229,'user009','1234','서은진','볼라누스','1997-10-06',2,'2022-11-21 14:46:12',1),(230,'user010','1234','임은우','한살','1995-09-10',1,'2022-11-21 14:46:12',1),(231,'user001','1234','김현민','첫번째','1992-10-15',1,'2022-11-21 14:51:07',1),(232,'user002','1234','이진아','두번째','1990-12-22',2,'2022-11-21 14:51:07',1),(233,'user003','1234','유미영','세번째','1985-05-17',2,'2022-11-21 14:51:07',1),(234,'user004','1234','박진우','네번째','2000-07-13',1,'2022-11-21 14:51:07',1),(235,'user005','1234','조현아','다섯번째','1977-08-05',2,'2022-11-21 14:51:07',1),(236,'hyeon001','1234','fine****','꽁꽁','1982-05-27',2,'2022-11-21 14:53:03',1),(237,'hyeon002','1234','보영','달빛','1976-01-13',2,'2022-11-21 14:53:03',1),(238,'hyeon003','1234','둥둥','요미코','1968-10-19',2,'2022-11-21 14:53:03',1),(239,'hyeon004','1234','오키도키일','케인','2004-05-12',1,'2022-11-21 14:53:03',1),(240,'hyeon005','1234','zzzzzz','소림','1979-06-03',1,'2022-11-21 14:53:03',1),(241,'hyeon006','1234','푸히히','듀드직','1986-06-07',2,'2022-11-21 14:53:03',1),(242,'hyeon007','1234','김유정','조양천존','2001-11-25',1,'2022-11-21 14:53:03',1),(243,'hyeon008','1234','룰루','빌게이츠용서할게이츠','2006-03-27',1,'2022-11-21 14:53:03',1),(244,'hyeon009','1234','해밀','볼라누스','1997-10-06',2,'2022-11-21 14:53:03',1),(245,'hyeon010','1234','버스','한살','1995-09-10',1,'2022-11-21 14:53:03',1),(246,'user0001','1234','서민지','꽁꽁얼어붙어라','1982-05-27',1,'2022-11-21 14:53:45',1),(247,'user0002','1234','최민은','달빛천사','1976-01-13',2,'2022-11-21 14:53:45',1),(248,'user0003','1234','이예정','달빛악마','1968-10-19',2,'2022-11-21 14:53:45',1),(249,'user0004','1234','장시현','헤리케인','2004-05-12',1,'2022-11-21 14:53:45',1),(250,'user0005','1234','한서진','소정','1979-06-03',1,'2022-11-21 14:53:45',1),(251,'user0006','1234','박예원','듀드','1986-06-07',2,'2022-11-21 14:53:45',1),(252,'user0007','1234','박하영','조양천','2001-11-25',1,'2022-11-21 14:53:45',1),(253,'user0008','1234','박예민','침산동매콤주먹','2006-03-27',1,'2022-11-21 14:53:45',1),(254,'user0009','1234','서은영','볼라누','1997-10-06',2,'2022-11-21 14:53:45',1),(255,'user1000','1234','임은지','한전','1995-09-10',1,'2022-11-21 14:53:45',1),(256,'human001','1234','돌쇠1','마당쇠1','1992-04-24',1,'2022-11-21 14:54:32',1),(257,'human002','1234','돌쇠2','마당쇠2','1991-03-23',1,'2022-11-21 14:54:32',1),(258,'human003','1234','돌쇠3','마당쇠3','1990-02-22',1,'2022-11-21 14:54:32',1),(259,'human004','1234','돌쇠4','마당쇠4','1989-01-21',1,'2022-11-21 14:54:32',1),(260,'human005','1234','돌쇠5','마당쇠5','1987-06-20',1,'2022-11-21 14:54:32',1),(261,'human006','1234','돌쇠6','마당쇠6','1986-07-30',2,'2022-11-21 14:54:32',1),(262,'human007','1234','돌쇠7','마당쇠7','1985-08-15',1,'2022-11-21 14:54:32',1),(263,'human008','1234','돌쇠8','마당쇠8','1984-09-14',2,'2022-11-21 14:54:32',1),(264,'human009','1234','돌쇠9','마당쇠9','1983-10-13',2,'2022-11-21 14:54:32',1),(265,'human010','1234','돌쇠10','마당쇠10','1982-11-12',2,'2022-11-21 14:54:32',1),(266,'user01','1234','조승진','도외시','2005-11-26',2,'2022-11-21 15:01:48',1),(267,'user02','1234','오예혁','화물조역','1968-03-04',2,'2022-11-21 15:01:48',1),(268,'user03','1234','임민후','목화석','1986-04-17',2,'2022-11-21 15:01:48',1),(269,'user04','1234','오은원','차견','1980-01-20',1,'2022-11-21 15:01:48',1),(270,'user05','1234','최하아','경판각','1978-10-11',1,'2022-11-21 15:01:48',1),(271,'user06','1234','서도후','차견','2001-08-12',2,'2022-11-21 15:01:48',1),(272,'user07','1234','김다우','보온대','1999-09-21',1,'2022-11-21 15:01:48',1),(273,'user08','1234','서유원','삼발뼈벌레','1977-09-22',2,'2022-11-21 15:01:48',1),(274,'user09','1234','정지혁','이데오그람','2006-11-19',2,'2022-11-21 15:01:48',1),(275,'user10','1234','박현유','관재관장','2004-10-14',1,'2022-11-21 15:01:48',1);
/*!40000 ALTER TABLE `account_info` ENABLE KEYS */;
UNLOCK TABLES;

--
-- Table structure for table `genre_info`
--

DROP TABLE IF EXISTS `genre_info`;
/*!40101 SET @saved_cs_client     = @@character_set_client */;
/*!50503 SET character_set_client = utf8mb4 */;
CREATE TABLE `genre_info` (
  `gi_seq` int NOT NULL AUTO_INCREMENT,
  `gi_name` varchar(50) NOT NULL,
  PRIMARY KEY (`gi_seq`)
) ENGINE=InnoDB AUTO_INCREMENT=42 DEFAULT CHARSET=utf8mb4 COLLATE=utf8mb4_0900_ai_ci;
/*!40101 SET character_set_client = @saved_cs_client */;

--
-- Dumping data for table `genre_info`
--

LOCK TABLES `genre_info` WRITE;
/*!40000 ALTER TABLE `genre_info` DISABLE KEYS */;
INSERT INTO `genre_info` VALUES (1,'액션'),(2,'모험'),(3,'드라마'),(4,'뮤지컬'),(5,'애니메이션'),(6,'액션'),(7,'전쟁'),(8,'애니메이션'),(9,'코미디'),(10,'액션'),(11,'스릴러'),(12,'드라마'),(13,'애니메이션'),(15,'판타지'),(16,'SF'),(17,'액션'),(18,'모험'),(19,'판타지'),(20,'SF'),(21,'드라마'),(22,'뮤지컬'),(23,'액션'),(24,'전쟁'),(25,'액션'),(26,'코미디'),(27,'액션'),(28,'모험'),(29,'SF'),(30,'멜로'),(31,'로맨스'),(32,'액션'),(33,'범죄'),(34,'범죄'),(35,'스릴러'),(36,'멜로'),(37,'로맨스'),(38,'코미디'),(39,'드라마'),(40,'액션'),(41,'범죄');
/*!40000 ALTER TABLE `genre_info` ENABLE KEYS */;
UNLOCK TABLES;

--
-- Table structure for table `movie_casting_info`
--

DROP TABLE IF EXISTS `movie_casting_info`;
/*!40101 SET @saved_cs_client     = @@character_set_client */;
/*!50503 SET character_set_client = utf8mb4 */;
CREATE TABLE `movie_casting_info` (
  `mci_seq` int NOT NULL AUTO_INCREMENT,
  `mci_mi_seq` int NOT NULL,
  `mci_msi_seq` int NOT NULL,
  `mci_role` int DEFAULT NULL,
  `mci_role_name` varchar(30) NOT NULL,
  PRIMARY KEY (`mci_seq`)
) ENGINE=InnoDB AUTO_INCREMENT=281 DEFAULT CHARSET=utf8mb4 COLLATE=utf8mb4_0900_ai_ci;
/*!40101 SET character_set_client = @saved_cs_client */;

--
-- Dumping data for table `movie_casting_info`
--

LOCK TABLES `movie_casting_info` WRITE;
/*!40000 ALTER TABLE `movie_casting_info` DISABLE KEYS */;
INSERT INTO `movie_casting_info` VALUES (1,1,1,1,'감독'),(2,1,2,2,'역할1'),(3,1,3,2,'역할2'),(4,1,4,2,'역할3'),(5,1,5,2,'역할4'),(21,8,17,1,'감독'),(22,8,18,2,'이순신 역'),(23,8,19,2,'와키자카 야스하루 역'),(24,8,20,2,'어영담 역'),(25,8,21,2,'원균 역'),(26,5,28,1,'감독'),(27,5,29,2,'역할1'),(28,5,30,2,'역할2'),(29,5,31,2,'역할3'),(30,5,32,2,'역할4'),(42,13,45,2,'베키'),(43,13,46,2,'실로 헌터'),(44,13,47,3,'제임스'),(45,13,48,3,'댄'),(46,13,49,3,'다이너'),(47,13,50,3,'스티브'),(48,13,51,1,'감독'),(49,9,39,1,'감독'),(65,4,6,1,'감독'),(66,4,7,2,'에블린 왕'),(67,4,8,2,'조이 왕'),(68,4,9,2,'웨이먼드 왕'),(69,4,10,2,'디어드리 보베어드라'),(70,2,70,1,'감독'),(71,2,14,2,'역할1'),(72,2,15,2,'역할2'),(73,2,16,2,'역할3'),(74,11,65,1,'감독'),(75,11,66,2,'역할1'),(76,11,67,2,'역할2'),(77,11,68,2,'역할3'),(78,11,69,2,'역할4'),(96,6,22,1,'감독'),(97,6,23,2,'블랙아담'),(98,6,24,2,'아톰스매셔'),(99,6,25,2,'닥터 페이트'),(100,6,26,2,'사이클론'),(101,6,27,2,'호크맨'),(102,6,28,2,'아드리아나 토마즈'),(113,6,22,1,'감독'),(114,6,23,2,'블랙 아담 역'),(115,6,24,2,'역할2'),(116,6,25,2,'역할3'),(117,6,26,2,'역할4'),(118,6,27,2,'역할5'),(119,7,110,1,'감독'),(120,7,111,2,'강진봉 역'),(121,7,112,2,'오세연 역'),(122,7,113,2,'여고생 세연 역'),(123,7,114,2,'박정우 역'),(124,7,115,3,'여고생 현정 역'),(139,12,87,1,'감독'),(140,12,88,2,'천경수'),(141,12,89,2,'인조'),(142,12,90,3,'이형익'),(143,12,91,3,'최대감'),(144,12,92,3,'만식'),(145,12,93,3,'소현세자'),(146,12,94,3,'소용 조씨'),(147,12,95,3,'강빈'),(148,16,40,1,'감독'),(149,16,41,2,'역할1'),(150,16,42,2,'역할2'),(151,16,43,2,'역할3'),(152,16,44,2,'역할4'),(153,10,81,1,'감독'),(154,10,82,2,'역할1'),(155,10,83,2,'역할2'),(156,10,84,2,'역할3'),(157,10,85,2,'역할4'),(158,10,86,2,'역할5'),(159,21,97,1,'감독'),(160,21,98,2,'김대건'),(161,21,99,2,'유진길'),(162,21,100,2,'현석문'),(163,21,101,2,'조신철'),(164,9,146,2,'신짱구 역'),(165,9,147,2,'김철수 역'),(166,9,148,2,'한유리 역'),(167,9,149,2,'이훈이 역'),(168,9,150,2,'맹구 역'),(169,6,116,1,'감독'),(170,6,117,2,'블랙 아담 역'),(171,6,118,2,'역할2'),(172,6,119,2,'역할3'),(173,6,120,2,'역할4'),(174,6,121,2,'역할5'),(198,20,71,1,'감독'),(199,20,72,2,'카가미하라 나데시코'),(200,20,73,2,'이누야마 아오이'),(201,20,74,2,'오가키 치아키'),(202,20,75,2,'사이토 에나'),(208,17,1,1,'감독'),(209,17,2,2,'역할1'),(210,17,3,2,'역할2'),(211,17,4,2,'역할3'),(212,17,5,2,'역할4'),(213,17,1,1,'감독'),(214,17,2,2,'역할1'),(215,17,3,2,'역할2'),(216,17,4,2,'역할3'),(217,17,5,2,'역할4'),(218,17,1,1,'감독'),(219,17,2,2,'역할1'),(220,17,3,2,'역할2'),(221,17,4,2,'역할3'),(222,17,5,2,'역할4'),(223,26,175,1,'감독'),(224,26,176,2,'주연1'),(225,26,177,1,'주연2'),(226,26,178,1,'주연3'),(227,26,179,1,'주연4'),(228,26,175,1,'감독'),(229,26,176,2,'주연1'),(230,26,177,1,'주연2'),(231,26,178,1,'주연3'),(232,26,179,1,'주연4'),(238,17,1,1,'감독'),(239,17,2,2,'역할1'),(240,17,3,2,'역할2'),(241,17,4,2,'역할3'),(242,17,5,2,'역할4'),(243,16,165,2,'고민정역'),(244,16,166,2,'피이태 역'),(245,16,167,2,'나노철 역'),(246,16,168,2,'마태용 역'),(247,16,180,1,'감독'),(248,16,169,2,'최병구 역'),(259,19,151,1,'감독'),(260,19,152,2,'네이티리 역'),(261,19,153,2,'제이크 설리 역'),(262,19,154,2,'그레이스 어거스틴 역'),(263,19,155,2,'주연'),(264,19,156,2,'주연'),(265,19,157,2,'마일즈 쿼리치 역'),(266,19,158,2,'주연'),(267,19,159,3,'조연'),(268,33,134,2,'역할1'),(269,33,135,2,'역할2'),(270,33,136,2,'역할3'),(271,33,137,2,'역할4'),(272,33,138,2,'역할5'),(273,33,139,2,'역할6'),(274,33,140,2,'역할7'),(275,33,141,2,'역할8'),(276,29,60,1,'감독'),(277,29,61,2,'주연'),(278,29,62,2,'주연'),(279,29,63,2,'주연'),(280,29,64,2,'주연');
/*!40000 ALTER TABLE `movie_casting_info` ENABLE KEYS */;
UNLOCK TABLES;

--
-- Table structure for table `movie_comment`
--

DROP TABLE IF EXISTS `movie_comment`;
/*!40101 SET @saved_cs_client     = @@character_set_client */;
/*!50503 SET character_set_client = utf8mb4 */;
CREATE TABLE `movie_comment` (
  `mc_seq` int NOT NULL AUTO_INCREMENT,
  `mc_score` int NOT NULL DEFAULT '10',
  `mc_content` varchar(255) DEFAULT NULL,
  `mc_reg_dt` datetime NOT NULL DEFAULT CURRENT_TIMESTAMP,
  `mc_status` int NOT NULL DEFAULT '1',
  `mc_mi_seq` int NOT NULL,
  `mc_ai_seq` int NOT NULL,
  PRIMARY KEY (`mc_seq`)
) ENGINE=InnoDB AUTO_INCREMENT=354 DEFAULT CHARSET=utf8mb4 COLLATE=utf8mb4_0900_ai_ci;
/*!40101 SET character_set_client = @saved_cs_client */;

--
-- Dumping data for table `movie_comment`
--

LOCK TABLES `movie_comment` WRITE;
/*!40000 ALTER TABLE `movie_comment` DISABLE KEYS */;
INSERT INTO `movie_comment` VALUES (1,1,'아니 왜 0점은못주는거야','2022-11-21 12:48:59',1,1,1),(2,6,'이게 맞는진 진짜 모르겠고. 채드윅보스만 배우님 그립습니다','2022-11-21 12:48:59',1,1,2),(3,10,'영화보면서 무한~도전~! 외치고 싶은걸 참았다','2022-11-21 12:48:59',1,1,3),(4,4,'볼거리 정말 빈약하다. 아이언맨 디자인은 무슨 후레쉬맨 보는줄.','2022-11-21 12:48:59',1,1,4),(5,2,'마블도 끝났구나...','2022-11-21 12:48:59',1,1,5),(6,8,'채드윅 보스만의 부재가 느껴지는 영화','2022-11-21 12:48:59',1,1,6),(7,4,'쓸데없이 길고 지루하네요. 액션도 별로 인상적이지 않고...','2022-11-21 12:48:59',1,1,7),(8,4,'액션영화가 액션이 구리면 말이 필요없지?','2022-11-21 12:48:59',1,1,8),(9,10,'생각보다 재밌음!!!','2022-11-21 12:48:59',1,1,9),(10,6,'와칸다 포에버라고 외치는게 1박 2일에서 딘딘이 이멤버 리멤버 라고 외치는 느낌 ㅋ','2022-11-21 12:48:59',1,1,10),(11,9,' 닥터 페이트 진짜 멋있게 나옴','2022-11-21 13:16:26',1,1,1),(12,10,'어쩌면 디씨가 희망이 있을지도 모르겠다.','2022-11-21 13:16:26',1,1,2),(13,10,' 영화8점 쿠키 10점 최근 본 쿠키영상중 제일 소름돋는다','2022-11-21 13:16:26',1,1,3),(14,10,'이만하면 히어로무비로 정말 괜찮다고 생각함... 영상이 화려해서 즐거웠고 새로운 히어로는 매력적이었음','2022-11-21 13:16:26',1,1,4),(15,9,'액션 최고입니다아무생각없이 보기 딱 좋아요','2022-11-21 13:16:26',1,1,5),(16,10,'객 그동안 DC영화를 한번에 박살내버린 드웨인 존슨의 시원한 액션!','2022-11-21 13:16:26',1,1,6),(17,8,'재미없는듯 재미있네 ㅎㅎ','2022-11-21 13:16:26',1,1,7),(18,10,'DC가 오랜만에 꿀잼작을 가지고왔네 ㅋㅋ 쿠키 개맛있어요 ㅋ','2022-11-21 13:16:26',1,1,8),(19,10,'매블충으로서 한마디만 하자면 적어도 토르4 닥스2보다 훨배 나음~~~','2022-11-21 13:16:26',1,1,9),(20,10,'액션 좋습니다. 히어로 무비로 손색없을 뿐만 아니라. 수준급입니다.','2022-11-21 13:16:26',1,1,10),(28,10,'이 영화를 부산국제영화제에서 2번보고, 이번에 개봉하고 3번째 보게 되었는데 볼때마다 감상포인트가 다른것같아요. 처음볼때는 이야기 전개에 대한 충격이 컸다면 두번째 볼때는 기우의 감정선을 따라가면서 느낀 애달픔이 ...','2022-11-21 13:29:07',1,5,21),(29,10,'배우들이 연기를 잘해서 몰입도가 좋았다.특히 정일우가 연기를 그렇게 잘하는줄 몰랐다!','2022-11-21 13:29:07',1,5,22),(30,10,'정일우의 재 발 견 !!!!','2022-11-21 13:29:07',1,5,23),(31,10,'잔잔하게 보기 좋았어요.가족이란 어떤 것 일까 여러가지 감정과 생각이 드는 작품이 였습니다.','2022-11-21 13:29:07',1,5,24),(32,8,'정일우 이미지 대변신ㅎㅎ 좀 놀랬음..','2022-11-21 13:29:07',1,5,25),(33,10,'하이퍼리얼리티같은 배우들의연기가볼만하네요. 은근긴장감도있고 스토리도울림을주네요.','2022-11-21 13:29:07',1,5,26),(34,10,'정말 모든 배우의 연기력이 돋보였던 작품이었던 것 같습니다.','2022-11-21 13:29:07',1,5,27),(35,10,'볼만한 영화다','2022-11-21 13:29:07',1,5,28),(36,10,'배우님들 연기 최고였습니다정일우님 색다른 연기도전에 감탄했습니다','2022-11-21 13:29:07',1,5,29),(37,10,'라미란,정일우 배우의 팬이기도 하고 고속도로 휴게소에서 사는 가족이라는 소재가 새롭다는 마음에 보았는데 기대이상이네요.배우들의 연기가 훌륭합니다.','2022-11-21 13:29:07',1,5,30),(68,10,'대전 cgv ,영화보러 갔다가 뭔 영환지도 모르고 시간대가 딱 맞아 아내랑 보게됐음 첨엔 전혀 모르는 배우들이 나오고 돈도 별로 안든 영화같았는데 갈수록 물입하는 나 자신에 이건 뭐지... 신인 주연배우들의 ...','2022-11-21 14:04:08',1,2,1),(69,7,'한정된 공간에서 긴장감 좋음. 주인공이 경시생인데 상황판단력이 저거 밖에 안되나 싶어 좀 피로하지만 뚝심있게 긴장감과 쉽게 예상못할 전개로 이야기가 흘러감. 최희진 배우의 비주얼과 연기가 좋았음. 숨죽이며 재밌게 즐...','2022-11-21 14:04:08',1,2,2),(70,8,'이게 뭐라고 긴장감이.. 때때로 웃기기까지 함.암튼 남자는 예쁜 여자를 조심해야...','2022-11-21 14:04:08',1,2,3),(71,9,'간만에 블랙코미디 영화 봤네요.전체적으로 저예선영화인지 많은 배우 출연과 장소가 나오지 않지만 배우들의 탄탄한 연기력과 긴장감 있는 스토리로 재밌게 볼 수 있는 영화입니다.','2022-11-21 14:04:08',1,2,4),(72,10,'재밌다 진짜 뜻밖의 발견! 첨엔 과하다 싶었던 캐릭터에 묘하게 빠져든다!!!','2022-11-21 14:04:08',1,2,5),(73,8,'생각보다 긴장되고 손에 땀을 쥐게 만들었다... 이런 독립영화가 많이 나와 발전되었으면 좋겠다.','2022-11-21 14:04:08',1,2,6),(74,8,'의외로 긴장감도 있고 재미있음','2022-11-21 14:04:08',1,2,7),(75,9,'오동민이란 배우의 발견. 앞으로가 굉장히 기대된다','2022-11-21 14:04:08',1,2,8),(76,8,'난장판 속 살아남기.','2022-11-21 14:04:08',1,2,9),(77,7,'적당한 긴장감, 신선한 재미','2022-11-21 14:04:08',1,2,10),(78,10,' 참 따뜻하고 익히 아는 음악과함께 옛생각도 나는 고마운 영화입니다','2022-11-21 14:24:08',1,1,7),(80,10,'기대 1도ㅓ 안하고 봤는데너무 좋았어요.음악도 좋았고 한국에서도 이런 영화가 가능하구나.ㅎ','2022-11-21 14:24:08',1,3,7),(81,10,'마지막 연출이 너무 벅차고 울림있었어요! 배우들 연기합도 좋았구요. 영화관에서 보시길 추천드립니다.','2022-11-21 14:24:08',1,4,7),(82,10,'한번 보고 왔는데 엄마랑 다시 보고 싶은 영화.','2022-11-21 14:24:08',1,5,7),(83,10,'OST 미쳤다ㅠ 감동도 있고 보는 내내 지루할 틈이 없었어요! 너무 재밌게 잘 봤습니다!','2022-11-21 14:24:08',1,6,7),(84,8,' 보기전엔 분명히 어색할거라고만 생각했는데 울다 웃다 재밌었습니다 우리나라도 이런류의 뮤지컬영화가 앞으로도 많이 나왔으면 좋겠네요염배우님 노래 너무 잘하셔서 놀랐어요! 류배우님은 특유의 오바스러운연기가 장르랑 잘 어울...','2022-11-21 14:24:08',1,7,7),(85,10,' OST너무 중독적이야ㅠㅠ 노래따라부르고 싶어짐ㅎㅎ','2022-11-21 14:24:08',1,8,7),(87,8,' 우리들의 아름답고 평범한 인생','2022-11-21 14:24:08',1,10,7),(88,8,' 한국 뮤지컬 영화의 큰 발자취','2022-11-21 14:24:08',1,11,7),(89,10,' 참 따뜻하고 익히 아는 음악과함께 옛생각도 나는 고마운 영화입니다','2022-11-21 14:25:01',1,7,1),(90,10,' 요새 봤던 한국영화중 가장 감동.','2022-11-21 14:25:01',1,7,2),(91,10,'기대 1도ㅓ 안하고 봤는데너무 좋았어요.음악도 좋았고 한국에서도 이런 영화가 가능하구나.ㅎ','2022-11-21 14:25:01',1,7,3),(92,10,'마지막 연출이 너무 벅차고 울림있었어요! 배우들 연기합도 좋았구요. 영화관에서 보시길 추천드립니다.','2022-11-21 14:25:01',1,7,4),(93,10,'한번 보고 왔는데 엄마랑 다시 보고 싶은 영화.','2022-11-21 14:25:01',1,7,5),(94,10,'OST 미쳤다ㅠ 감동도 있고 보는 내내 지루할 틈이 없었어요! 너무 재밌게 잘 봤습니다!','2022-11-21 14:25:01',1,7,6),(95,8,' 보기전엔 분명히 어색할거라고만 생각했는데 울다 웃다 재밌었습니다 우리나라도 이런류의 뮤지컬영화가 앞으로도 많이 나왔으면 좋겠네요염배우님 노래 너무 잘하셔서 놀랐어요! 류배우님은 특유의 오바스러운연기가 장르랑 잘 어울...','2022-11-21 14:25:01',1,7,7),(96,10,' OST너무 중독적이야ㅠㅠ 노래따라부르고 싶어짐ㅎㅎ','2022-11-21 14:25:01',1,7,8),(97,10,'재밌게 잘 관람했습니다','2022-11-21 14:25:01',1,7,9),(98,8,' 우리들의 아름답고 평범한 인생','2022-11-21 14:25:01',1,7,10),(99,8,' 한국 뮤지컬 영화의 큰 발자취','2022-11-21 14:25:01',1,7,11),(100,10,'엄마는 종종 다른 세상에 빠진 듯 생각에 잠긴다. 하지만 언제나 나의 부름에 돌아온다.','2022-11-21 14:25:12',1,4,41),(101,9,'다정함이 온 우주를 구하진 못하더라도 나와 내 세계는 붙들어 줄 수 있지 않겠는가','2022-11-21 14:25:12',1,4,42),(102,10,'B급인 척하는 S급 영화.','2022-11-21 14:25:12',1,4,43),(103,9,'마블이 그동안 하지 못한 것을 양자경은 혼자 해낸다','2022-11-21 14:25:12',1,4,44),(104,10,'결국은 우리 모두의 인생이야기','2022-11-21 14:25:12',1,4,45),(105,10,'2022년이 아직 끝나지 않았지만 올해 최고의 영화가 될 것 같다.','2022-11-21 14:25:12',1,4,46),(106,10,'망해가는 마블을 뒤로 하고 만든 루소 형제의 개명작','2022-11-21 14:25:12',1,4,47),(107,1,'골때리는 병맛 영화... 평점만 믿고 봤다가 뒤통수 맞았다 ㅠㅠ 내 소중한 시간..','2022-11-21 14:25:12',1,4,48),(108,2,'도대체 무슨 얘길 하는건지,,','2022-11-21 14:25:12',1,4,49),(109,2,'진짜 구리고 괜히 봤다.. 하','2022-11-21 14:25:12',1,4,50),(110,10,'관람객 이순신 장군님의 후손으로 태어나 자랑스럽습니다.','2022-11-21 14:28:22',1,8,51),(111,10,'오랜만에 극장에서 보니 좋았고 노량이 기대되는 영화','2022-11-21 14:28:22',1,8,52),(112,10,'역시 삭제 장면이 더 들어가니 전개가 더 풍성해진다','2022-11-21 14:28:22',1,8,53),(113,8,'좋은 영화 재밌게 관람했습니다.','2022-11-21 14:28:22',1,8,54),(114,10,'오리지날이 이렇게 나왔었으면 천만 갔을듯. 훨씬 더 좋습니다!','2022-11-21 14:28:22',1,8,55),(115,8,'한산보러 왔는데 극장이 한산','2022-11-21 14:28:22',1,8,56),(116,6,'명량의 이순신(최민식)장군이 살아있는데 최민식으로 계속 쓰지? 임팩트도 적고 재미도 없음..','2022-11-21 14:28:22',1,8,57),(117,7,'대사가 어렵고, 계속 긴장하니 전반부터 오히려 졸리다.','2022-11-21 14:28:22',1,8,58),(118,7,'조금 긴듯 했지만 좋았습니다','2022-11-21 14:28:22',1,8,59),(119,1,'이게 왜 인기있는지;;','2022-11-21 14:28:22',1,8,60),(120,10,'이 시대를 살아가는 철수들에게 보내는 짱구의 위로메시지!!','2022-11-21 14:30:30',1,9,29),(121,10,'후반이 진짜 웃긴데 괜히 눈물남 넘 재밌었다','2022-11-21 14:30:30',1,9,33),(122,8,'짱구에서 청춘을 느낄 줄은 몰랐다','2022-11-21 14:30:30',1,9,5),(123,10,'짱구는 어른이 되어야지만 온전히 감동을 느낄 수 있다.','2022-11-21 14:30:30',1,9,4),(124,10,'나이가 들어도 친구들과 흩어지기 싫었던, 평생을 함께 하고 싶었던, 떡잎 마을 방범대의 이야기','2022-11-21 14:30:30',1,9,32),(125,8,'짱구 극장판이 낙서왕국을 기점으로 다시 점점 위상을 회복하려고 하는 듯한 영화.','2022-11-21 14:30:30',1,9,23),(126,10,'짱구로 인생을 배웠습니다','2022-11-21 14:30:30',1,9,37),(127,10,'진짜 짱구는 내 평생의 친구일듯.. 사랑해 짱구야ㅠㅠㅠㅠ','2022-11-21 14:30:30',1,9,14),(128,10,'너무 재미있게봤어요 ㅋㅋ 웃음포인트가 여러가지가있어서 어른들도 재미있게 보실거에요 ㅎㅎ 추천합니다!','2022-11-21 14:30:30',1,9,6),(129,8,'어른제국급을 기대했는데 기대한만큼은 아니지만, 잔잔한 감동이 있다. 감동과는 별개로 범인을 찾는 추리 과정이 정말로 재미있었다.','2022-11-21 14:30:30',1,9,8),(130,7,'원작을 안봐서 잘모르겠지만 조금 오글거리도 하구','2022-11-21 14:32:47',1,4,1),(131,6,'기대가 컸나봐요','2022-11-21 14:32:47',1,4,2),(132,5,'너무 오글거림','2022-11-21 14:32:47',1,4,3),(133,5,'원작의 장점을 지워버린 촌스럽고 안일한 연출','2022-11-21 14:32:47',1,4,4),(134,6,'이해는 하지만 동감은 못하겠다.','2022-11-21 14:32:47',1,4,5),(135,4,'이제는 흔해진 소재의 영화를 왜 리메이크 하는가에 대한 나쁜 대답','2022-11-21 14:32:47',1,4,6),(136,8,'2000년 작품의 김하늘배우 역할을 여진구배우가 맡아서 이색적이었음.','2022-11-21 14:32:47',1,4,7),(137,10,'오랫만에 자극적이지 않은 영화를 봐서잔잔하고 편안하게 봤네요','2022-11-21 14:32:47',1,4,8),(138,1,'진짜 죄송한데 보지마세요','2022-11-21 14:32:47',1,4,9),(139,8,'여진구의 잔혹로맨스','2022-11-21 14:32:47',1,4,10),(140,10,'관람객 어줍잖게 사회적 메세지 넣으려다 영화 망가졌다','2022-11-21 14:34:25',1,26,1),(141,1,'잘가다가 무리한 반미, 반일과 억지스러운 신파, 무리한 설정이 영화를 산으로 보냅니다. 보면서 계속 어이없는 웃음이 나와요. 진짜 억지 눈물 짜낼때는 하.... 배우들이 너무 아깝네요','2022-11-21 14:34:25',1,26,1),(142,2,'관람객 이 영화가 칸으로 갔다는게 부끄럽다....','2022-11-21 14:34:25',1,26,1),(143,1,'관람객 초반에는 스릴러인줄 알았지망 중간부터 늘어지고 신파 범벅','2022-11-21 14:34:25',1,26,4),(144,2,'초호화 배우진만 볼만하다','2022-11-21 14:34:25',1,26,3),(145,4,'비상선언? 이 영화가 한국 영화계에 비상이다 진짜;','2022-11-21 14:34:25',1,26,4),(146,5,'관람객 외계인은 피했는데 이걸 못피했네. 한재림 감독 믿고 오늘 개봉날 조조로 보고 방금 나왔습니다. 최악이네요.','2022-11-21 14:34:25',1,26,1),(147,4,'축구로 치면 전반에 3골 넣고 후반에 4골 먹은 느낌이랄까','2022-11-21 14:34:25',1,26,5),(148,8,'역시 반미 반일 빠지면 섭하지 ~ 의도가 너무 보이는데요 감독님','2022-11-21 14:34:25',1,26,1),(149,1,'관람객 화려한 이륙과 초라한 착륙, 그리고 행방불명된 제목','2022-11-21 14:34:25',1,26,6),(150,1,'늑대사냥 볼바에 그 돈으로 더위사냥 여러개 사드세요','2022-11-21 14:34:27',1,1,1),(151,2,'정소민 왜 나온지 아는 사람','2022-11-21 14:34:27',1,1,2),(152,3,'영초반 30분 재밌음 서인국 연기 개 쫄깃하고 ','2022-11-21 14:34:27',1,1,3),(153,2,'그냥사람이터짐 무슨생각으로 이런영화를만든건지,, 정신감정이 필요해보임','2022-11-21 14:34:27',1,1,4),(154,3,'근본없는 내용으로 두시간은 너무 했다 시간사냥','2022-11-21 14:34:27',1,1,5),(155,1,'중간까진 정말 재밌게 보다 갑자기 스토리가 난해해졌습니다..','2022-11-21 14:34:27',1,1,6),(156,1,'고어물 매니아가 아니라면 정신건강을 위해 안보는게 좋은 영화','2022-11-21 14:34:27',1,1,7),(157,4,'최악의 낚시 영화. 허무한 sf물','2022-11-21 14:34:27',1,1,8),(158,6,'한국도 이렇게 잔인하게 만들수있구나','2022-11-21 14:34:27',1,1,9),(159,10,'서인국 연기변신 놀랍다....','2022-11-21 14:34:27',1,1,10),(160,10,'소지섭의 재발견, 김윤진의 저력, 나나의 가능성 확인한','2022-11-21 14:35:21',1,3,1),(161,10,'첨부터 끝까지 긴장감 넘치는 반전 스릴러...!! 원작 안보고 관람하는 것을 더 추천합니당','2022-11-21 14:35:21',1,3,2),(162,10,'나나 이번에 다시 봤다.. 다시 봐도 예쁘더라','2022-11-21 14:35:21',1,3,3),(163,10,'건 꼭 끝까지 봐야지만 느낄 수 있는 짜릿함이 있는 영화! 영화관에서 보면 더 몰입이 가능 !','2022-11-21 14:35:21',1,3,4),(164,8,'처음부터 끝까지 집중해서 봤음 나나 이쁘다 ㅋ','2022-11-21 14:35:21',1,3,5),(165,10,'소지섭×김윤진 두 배우의 105분간 펼쳐지는 심장 쫄깃한 반전에 대반전을 제대로 선보인 웰메이드 스릴러!','2022-11-21 14:35:21',1,3,6),(166,9,'반전의 반전이 계속 되는 영화.','2022-11-21 14:35:21',1,3,7),(167,10,'몰입감 높고 재미있어요','2022-11-21 14:35:21',1,3,8),(168,8,'원작의 숨멎급 스릴러를 시간순삭급으로 재현한 리메이크','2022-11-21 14:35:21',1,3,9),(169,8,'나나가 진짜 예쁘다,,,,김윤진의 목소리 톤은 조금 어색함','2022-11-21 14:35:21',1,3,10),(170,8,'한정된 공간 안에서 스토리를 풀어나가기 쉽지 않은데 긴장감과 간절함 있게 잘 풀어나간 영화.','2022-11-21 14:40:00',1,13,141),(171,10,'와 대박이네. 중간에 알포인트를 능가하는 소름이 ㄷㄷ','2022-11-21 14:40:00',1,13,142),(172,7,'언더 워터 공중편, 뻔하지 않았고 스릴러로서 적당히 재밌었다.요즘 이렇게 적당히 재밌는 영화도 보기 힘들었었는데 대만족이었음','2022-11-21 14:40:00',1,13,143),(173,7,'위험한 길로 이끄는 친구 조심~','2022-11-21 14:40:00',1,13,144),(174,10,'와. . . 반전반전 대반전. . . 근데 좀 잔인한 장면들도잇네요. 그치만 너무 쫄깃합니다 상영시간 내내. . . 올 연말 강추영화','2022-11-21 14:40:00',1,13,145),(175,8,'극장에서만 긴장감을 느낄 수 있는 영화 스토리도 나름 괜찮았다','2022-11-21 14:40:00',1,13,146),(176,10,'와 몰입해서 땀 질질 흘리면서 봤음','2022-11-21 14:40:00',1,13,147),(177,7,'따봉충들에게 고하는 메시지','2022-11-21 14:40:00',1,13,148),(178,8,'그곳에 간 이유의 합당함 여부보다는 장르물로서 목표 달성을 했느냐가 중요한데 이 영화는 확실히 달성했습니다.','2022-11-21 14:40:00',1,13,149),(179,9,'괜찮네요 저예산 영화 같은데 순간순간이 스릴있네요','2022-11-21 14:40:00',1,13,150),(180,9,'닥터 페이트 진짜 멋있게 나옴','2022-11-21 14:40:03',1,6,131),(181,10,'더락은 악마를찟어>_<','2022-11-21 14:40:03',1,6,132),(182,5,'이만하면 히어로무비로 정말 괜찮다고 생각함... 영상이 화려해서 즐거웠고 새로운 히어로는 매력적이었음','2022-11-21 14:40:03',1,6,2),(183,10,'액션 최고입니다아무생각없이 보기 딱 좋아요','2022-11-21 14:40:03',1,6,133),(184,10,'최근 마블보단 재밌었어요~','2022-11-21 14:40:03',1,6,134),(185,1,'벽이 느껴지는 영화 완벽','2022-11-21 14:40:03',1,6,135),(186,3,'생각보다 재밌음','2022-11-21 14:40:03',1,6,136),(187,6,'와칸다 포에버','2022-11-21 14:40:03',1,6,137),(188,4,'열심히 때려 부수긴 함.','2022-11-21 14:40:03',1,6,138),(189,1,'이영화 버블이 심하네 언벌리버블','2022-11-21 14:40:03',1,6,139),(190,10,'내용 없을 무','2022-11-21 14:40:03',1,6,140),(191,10,'재밌어요','2022-11-21 14:45:40',1,11,160),(192,4,'기대한것에 비해 재미 없습니다.','2022-11-21 14:45:40',1,11,161),(193,6,'그냥그냥 그래요','2022-11-21 14:45:40',1,11,162),(194,8,'아무 생각없이 보기 좋은 영화!','2022-11-21 14:45:40',1,11,163),(195,2,'노잼...','2022-11-21 14:45:40',1,11,164),(196,7,'무난합니다.','2022-11-21 14:45:40',1,11,165),(197,6,'나쁘지 않지만 다시 보라하면 안볼거같아요','2022-11-21 14:45:40',1,11,166),(198,8,'아이들과 보기에 나쁘지 않아요','2022-11-21 14:45:40',1,11,167),(199,2,'스토리라인이 진부하고 전개가 루즈합니다.','2022-11-21 14:45:40',1,11,168),(200,1,'돈아깝습니다','2022-11-21 14:45:40',1,11,169),(202,10,' 공조2는 눈호강 오지게 하다 나옴..\r\n 현빈&헤니 진짜 가슴 벅차게 잘생겼슴니다...\r\n 그 둘 얼굴이 줄거리고 장르.. 둘 전신 샷 나올 때마다 행복해요 진짜 액션 시원시원하고 그냥 현빈이 너무 멋있어ㅠㅠㅠ\r\n 잭 폴리스 ...','2022-11-21 14:47:33',1,18,1),(203,10,'묵직했던 전편에 비해 이번엔 더 시원한 액션과 유쾌한 큰웃음까지 다 담긴 속편','2022-11-21 14:47:33',1,18,2),(204,10,'와 이렇게 재밌어서 중간에 한 번도 시계 안 본 한국 영화는 ㄹㅇ 몇년만이다. 현빈 진짜 멋있고 진선규 연기가 진심 미쳤음;;\r\n 보다가 연기에 감탄함. 대추천. 간만에 돈 안 아까운 영화.','2022-11-21 14:47:33',1,18,3),(205,10,'하아 현빈 …. 현빈 현빈','2022-11-21 14:47:33',1,18,4),(206,10,'아 진짜 3도 나와라~~','2022-11-21 14:47:33',1,18,5),(207,10,'웃느라 바쁘고 액션에 미친다!','2022-11-21 14:47:33',1,18,6),(208,10,'윤아 현빈 유해진 조합은 사랑스러움입니다! 추석에 가족끼리 보기 딱좋음~!','2022-11-21 14:47:33',1,18,7),(209,10,'아는 맛이 무섭다! 삼각 공조? 웃음도 삼각으로 빵빵 터짐','2022-11-21 14:47:33',1,18,8),(210,4,'액션과 코믹과 가족애의 어쭙잖은 공모, too','2022-11-21 14:47:33',1,18,9),(211,6,'참담한 현실 때문에 더 코미디','2022-11-21 14:47:33',1,18,10),(212,10,'와... 물의 길!! 개쩜','2022-11-21 14:48:30',1,1,181),(213,10,'물의 길이라서 기저귀 필수임!','2022-11-21 14:48:30',1,1,182),(214,10,'오져따 지려따','2022-11-21 14:48:30',1,1,183),(215,10,'아쿠아맨이랑 한 판 떴으면 좋겠다','2022-11-21 14:48:30',1,1,184),(216,9,'물의 길이면 배수로임?','2022-11-21 14:48:30',1,1,185),(217,8,'나비족 아니고 인어족임','2022-11-21 14:48:30',1,1,186),(218,10,'웅장하다','2022-11-21 14:48:30',1,1,187),(219,9,'딱 무늬가 고등어 무늬라서 잘 어울림','2022-11-21 14:48:30',1,1,188),(220,10,'노르웨이산 고등어 느낌','2022-11-21 14:48:30',1,1,189),(221,10,'안동 간 고등어 돌아와라!!','2022-11-21 14:48:30',1,1,190),(222,6,'빨려들도록 흥미롭지만 자제력이 아쉽네','2022-11-21 14:49:55',1,12,211),(223,6,'진실을 말하면 목을 비트는 나라가 되어서야 어디','2022-11-21 14:49:55',1,12,212),(224,7,'우직한 상상력이 추동한 뒷심 좋은 결말','2022-11-21 14:49:55',1,12,213),(225,7,'눈에 띄지 않던 수작을 비수기에 발견하는 기쁨이란','2022-11-21 14:49:55',1,12,214),(226,5,'그럭저럭','2022-11-21 14:49:55',1,12,215),(227,5,'평범해용','2022-11-21 14:49:55',1,12,216),(228,7,'쏘쏘합니다','2022-11-21 14:49:55',1,12,217),(229,4,'인조 싫어','2022-11-21 14:49:55',1,12,218),(230,6,'소현세자 불쌍해여','2022-11-21 14:49:55',1,12,219),(231,10,'얼른 개봉해줘요','2022-11-21 14:49:55',1,12,220),(232,4,'걍 그럼','2022-11-21 14:50:50',1,14,201),(233,2,'머꼬','2022-11-21 14:50:50',1,14,202),(234,7,'볼만해요','2022-11-21 14:50:50',1,14,203),(235,10,'최고의 영화!','2022-11-21 14:50:50',1,14,204),(236,8,'아주 재밌게 잘 봤습니다.','2022-11-21 14:50:50',1,14,205),(237,2,'엥?','2022-11-21 14:50:50',1,14,206),(238,5,'그냥 그럼','2022-11-21 14:50:50',1,14,207),(239,6,'쏘쏘하네요','2022-11-21 14:50:50',1,14,208),(240,9,'올해 본 영화중 최고네요','2022-11-21 14:50:50',1,14,209),(241,1,'별로','2022-11-21 14:50:50',1,14,210),(242,10,'마음을 울리는 무언가가 있다','2022-11-21 14:51:11',1,20,191),(243,10,'최고의 영화','2022-11-21 14:51:11',1,20,192),(244,6,'성인이 된 소녀들의 캠핑장 만들기~!특별하지 않지만 소소하니 볼만하다.','2022-11-21 14:51:11',1,20,193),(245,8,'단순히 캠핑 이야기에 그치지 않아서 좋았다.프로젝트 시작과 끝을 관람한 기분.','2022-11-21 14:51:11',1,20,194),(246,10,'2시간동안 제대로 힐링하고 왔다..보는내내 시간 가는줄 모르고 봤네..아..정말 재밌었다..유루캠 애니 제발 컨텐츠 앞오로도 계속해서 이어지길...','2022-11-21 14:51:11',1,20,195),(247,10,'나고야 시내와 야마나시현 일대를 제대로 표현하였고 아이들이 어른이 되어서도 그대로 캠핑을 즐기는 모습을 다시 볼수있어서 꽤 좋았습니다! 린 귀여웠음ㅋㅋ','2022-11-21 14:51:11',1,20,196),(248,6,'아무리 일상계가 스무스하게 흘러흘러가는 내용인거라고 해도 너무 심심하게 흘러가서 좀 지루하게 느껴짐..하다못해 공감계혹은 먹방계로 갔으면 나쁘지 않았을텐데','2022-11-21 14:51:11',1,20,197),(249,10,'만나서 좋았다','2022-11-21 14:51:11',1,20,198),(250,10,'인간때매 지쳐있을 때 잠깐 힐링이되네 반박달지나라','2022-11-21 14:51:11',1,20,199),(251,10,'원작팬이라면 충분히 만족할만한 힐링 애니','2022-11-21 14:51:11',1,20,200),(252,1,' 아니 왜 0점은못주는거야','2022-11-21 14:51:52',1,16,1),(253,4,'이게 맞는진 진짜 모르겠고. 채드윅보스만 배우님 그립습니다.','2022-11-21 14:51:52',1,16,2),(254,5,'영화보면서 무한~도전~! 외치고 싶은걸 참았다','2022-11-21 14:51:52',1,16,3),(255,2,'볼거리 정말 빈약하다. 아이언맨 디자인은 무슨 후레쉬맨 보는줄.','2022-11-21 14:51:52',1,1,4),(256,1,'마블도 끝났구나....','2022-11-21 14:51:52',1,16,5),(257,4,'채드윅 보스만의 부재가 느껴지는 영화','2022-11-21 14:51:52',1,16,6),(258,3,'쓸데없이 길고 지루하네요. 액션도 별로 인상적이지 않고...','2022-11-21 14:51:52',1,16,7),(259,5,' 액션영화가 액션이 구리면 말이 필요없지?','2022-11-21 14:51:52',1,16,8),(260,10,'역시 마블 최고 간지는 블랙팬서다','2022-11-21 14:51:52',1,16,9),(261,9,'채드윅 보스만을 잊지 않겠습니다','2022-11-21 14:51:52',1,16,10),(262,10,'와... 물의 길!! 개쩜','2022-11-21 14:52:00',1,19,181),(263,10,'물의 길이라서 기저귀 필수임!','2022-11-21 14:52:00',1,19,182),(264,10,'오져따 지려따','2022-11-21 14:52:00',1,19,183),(265,10,'아쿠아맨이랑 한 판 떴으면 좋겠다','2022-11-21 14:52:00',1,19,184),(266,9,'물의 길이면 배수로임?','2022-11-21 14:52:00',1,19,185),(267,8,'나비족 아니고 인어족임','2022-11-21 14:52:00',1,19,186),(268,10,'웅장하다','2022-11-21 14:52:00',1,19,187),(269,9,'딱 무늬가 고등어 무늬라서 잘 어울림','2022-11-21 14:52:00',1,19,188),(270,10,'노르웨이산 고등어 느낌','2022-11-21 14:52:00',1,19,189),(271,10,'안동 간 고등어 돌아와라!!','2022-11-21 14:52:00',1,19,190),(272,9,'시대 때문에 어쩌면 비겁함때문에 세사람이 모두 불행해지는 사랑이야기였습니다. 실화라고 하니 더 서글프고 씁쓸하네요.','2022-11-21 14:52:02',1,17,1),(273,10,'가슴 아픈 사랑.. 이루어 질 수 없기에 더욱 절망적이다. 비극을 담은 결말로 향하는 열차에 탑승한 후에는 내릴 수 없다','2022-11-21 14:52:02',1,17,2),(274,10,'냉전시대에 뜨거운 로맨스라니 낭만적ㅠㅠ','2022-11-21 14:52:02',1,17,3),(275,10,'꼭보세요…제발 연출도 좋고 연기도 좋음…','2022-11-21 14:52:02',1,17,4),(276,7,'중반까지 재밌음 후반이 약함','2022-11-21 14:52:02',1,17,5),(277,7,'스토리를 떠나서 두 주인공의 얼굴만으로도 두 시간이 행복한 영화 꼭 보세요 ??','2022-11-21 14:52:02',1,17,6),(278,2,'재미없었음','2022-11-21 14:52:02',1,17,7),(279,7,'그 시절 그 나라에서 이런 실화가 묻히지 않고 전해졌다는게 신기해요.','2022-11-21 14:52:02',1,17,8),(280,7,'다른 방법이 분명 있었을텐데 모두에게 상처만 되는 길을 선택한 서브 주인공','2022-11-21 14:52:02',1,1,9),(281,4,'이제 그만 불륜 없는 퀴어영화 보고싶어요','2022-11-21 14:52:02',1,17,10),(282,3,'재미가 없어요','2022-11-21 14:52:07',1,16,66),(283,2,'재미가 없어요1','2022-11-21 14:52:07',1,16,67),(284,1,'재미가 없어요2','2022-11-21 14:52:07',1,16,68),(285,2,'재미가 없어요3','2022-11-21 14:52:07',1,16,69),(286,4,'재미가 없어요4','2022-11-21 14:52:07',1,16,70),(287,5,'재미가 없어요5','2022-11-21 14:52:07',1,16,71),(288,4,'재미가 없어요6','2022-11-21 14:52:07',1,16,72),(289,3,'재미가 없어요7','2022-11-21 14:52:07',1,16,73),(290,2,'재미가 없어요9','2022-11-21 14:52:07',1,16,74),(291,1,'재미가 없어요8','2022-11-21 14:52:07',1,16,75),(292,10,'재밌습니다.','2022-11-21 14:52:36',1,15,1),(293,8,'볼만합니다.','2022-11-21 14:52:36',1,15,2),(294,3,'두번은 안볼듯.','2022-11-21 14:52:36',1,15,3),(295,9,'생각보다 재밌습니다.','2022-11-21 14:52:36',1,15,4),(296,5,'그저그렇네요.','2022-11-21 14:52:36',1,15,5),(300,2,'볼거리 정말 빈약하다. 아이언맨 디자인은 무슨 후레쉬맨 보는줄.','2022-11-21 14:52:56',1,1,4),(307,10,'국뽕이 차오른다','2022-11-21 14:54:25',1,16,31),(308,9,'노래가 너무 웅장해','2022-11-21 14:54:25',1,16,32),(309,8,'안중근의사가 환생한 것 같다','2022-11-21 14:54:25',1,16,33),(310,7,'김고은은 뭘해도 예쁘네','2022-11-21 14:54:25',1,16,34),(311,10,'애국심을 가지자 ! 나라사랑!','2022-11-21 14:54:25',1,16,35),(312,9,'눈물난다','2022-11-21 14:54:25',1,16,36),(313,8,'한번 더 보고싶어요','2022-11-21 14:54:25',1,16,37),(314,9,'정명화 역시 분위기가 다르구만','2022-11-21 14:54:25',1,16,38),(315,10,'감사합니다. 기억하겠습니다.','2022-11-21 14:54:25',1,16,39),(316,7,'올해의 영화!','2022-11-21 14:54:25',1,16,40),(317,9,' 닥터 페이트 진짜 멋있게 나옴','2022-11-21 14:55:13',1,6,256),(318,10,'어쩌면 디씨가 희망이 있을지도 모르겠다.','2022-11-21 14:55:13',1,6,257),(319,10,' 영화8점 쿠키 10점 최근 본 쿠키영상중 제일 소름돋는다','2022-11-21 14:55:13',1,6,258),(320,10,'이만하면 히어로무비로 정말 괜찮다고 생각함... 영상이 화려해서 즐거웠고 새로운 히어로는 매력적이었음','2022-11-21 14:55:13',1,6,259),(321,9,'액션 최고입니다아무생각없이 보기 딱 좋아요','2022-11-21 14:55:13',1,6,260),(322,10,'객 그동안 DC영화를 한번에 박살내버린 드웨인 존슨의 시원한 액션!','2022-11-21 14:55:13',1,6,261),(323,8,'재미없는듯 재미있네 ㅎㅎ','2022-11-21 14:55:13',1,6,262),(324,10,'DC가 오랜만에 꿀잼작을 가지고왔네 ㅋㅋ 쿠키 개맛있어요 ㅋ','2022-11-21 14:55:13',1,6,263),(325,10,'매블충으로서 한마디만 하자면 적어도 토르4 닥스2보다 훨배 나음~~~','2022-11-21 14:55:13',1,6,264),(326,10,'액션 좋습니다. 히어로 무비로 손색없을 뿐만 아니라. 수준급입니다.','2022-11-21 14:55:13',1,6,265),(327,8,'오글거리긴 했지만 액션은 좋았다','2022-11-21 14:56:09',1,29,1),(328,10,'진삼국무쌍 오락이 생각났다. 하시모토칸나 왜 이렇게 조금 나오는겨? 나가사와마사미는 아예 나오지도 않고.. 수염 세갈래 양반 끝부분에 또 무슨 여포처럼 폼만재고 나오더니 전투도 없고..','2022-11-21 14:56:09',1,29,2),(329,10,'영화 재밌게 잘 봤습니다','2022-11-21 14:56:09',1,29,3),(330,10,'실사화 영화중에는 단연 손꼽힐정도로 잘 만들었어요 ㅎㅎ재밌어요 강추','2022-11-21 14:56:09',1,29,4),(331,8,'영화 잘봤습니다 영화 잘봤습니다','2022-11-21 14:56:09',1,29,5),(332,8,' 1편보다 대사의 오글거림이 덜하고 스케일이 커져 더 쟁있다.','2022-11-21 14:56:09',1,29,6),(333,8,' 만화책보다 낫습니다. 액션 연출 좋아요.','2022-11-21 14:56:09',1,29,7),(334,7,' 액션이 좋았음.','2022-11-21 14:56:09',1,29,8),(335,6,' 영화 즐겁게 감상했습니다','2022-11-21 14:56:09',1,29,9),(336,8,'객 1편보다 많이 좋아진것같네요','2022-11-21 14:56:09',1,29,10),(337,1,'주제도 좋은데 은근 웃겨서 몇장면 웃음 터짐ㅋㅋㅋ그리고 주연배우들 연기가 너무 좋았음ㅋㅋ 결말 호불호 예상되는데 영화로만 보고 끝내고 싶다면 모르겠지만 현실에서 앞으로 나아갈 길에 대해 고민하게 한다는 점에서 높은 점수를 주고싶음','2022-11-21 14:59:08',1,9,1),(338,6,'청산해야 할 때 청산하지 않으면그 오염된 정신에서 온갖 변종들이 증식하고세상을 잠식하기 마련이다.','2022-11-21 14:59:08',1,9,2),(339,10,'이성민의 연기는 언제나 놀랍다 ㄷㄷ 남주혁과의 케미도 최고!!','2022-11-21 14:59:08',1,9,3),(340,4,'남주혁 이성민의 열연 답답함 없이 사이다 같은 스토리 이일형 감독연출에 박수를 리멤버 N차 하러갈게요역사를 잊은 민족에게 미래란 없다 영화관가서 봐야하는 영화입니다','2022-11-21 14:59:08',1,9,4),(341,2,'영화는 관객의 공감을 얻기 위해 많은 노력을 기울인다. 그러나 \"리멤버\"는 필주라는 인물 그 자체로 관객을 영화 속으로 빠져들게 한다. 그의 행동에 대한 당위성도 필요 없다. 그의 복수는 이미 우리 피 속에 녹아 있기 때문이다.','2022-11-21 14:59:08',1,9,5),(342,8,'죄를 지었으면 법의 처벌을 받으세요.. 죽음을 이용해 비겁하게 도망가지 마시고','2022-11-21 14:59:08',1,9,6),(343,1,'프레디!','2022-11-21 14:59:08',1,9,7),(344,2,'꼭 이렇게 만들어야만.. 속이 후련했냐!!!','2022-11-21 14:59:11',1,10,236),(345,10,'초중반 쫄깃쫄깃 긴장감 넘치고 마지막에는 감동과 여운이 느껴지는 영화!','2022-11-21 14:59:11',1,10,237),(346,10,'김래원 제복핏에 감탄하고 좀있다 이종석 나오면 또 감탄하고 차은우 나오면 또또 감탄하고.... 캐스팅 최고에요!','2022-11-21 14:59:11',1,10,238),(347,10,'김래원 이종석 연기 미쳤고 소음에 반응하는 폭탄이어서 그런지 영화관에서 봐야함..그리고 해군제복입은 이종석? 당장보러가 거기에 차은우? 진짜 지금 당장보러가 눈이 너무 즐거움 아 그리고 차은우 연기 늘었더라..','2022-11-21 14:59:11',1,10,239),(348,8,'진짜 영화관에서 볼 만한 영화라고 생각해요. 돈이 아깝지 않은 구성이었음. 차은우 이종석 비주얼 최고고 사운드도 좀 신경을 많이 쓴듯함','2022-11-21 14:59:11',1,10,240),(349,4,'이게 왜 데OO인지 설명 가능한 사람 있냐','2022-11-21 14:59:11',1,10,241),(350,5,'그냥 저냥 했네요','2022-11-21 14:59:11',1,10,242),(351,10,'캐스팅도 대박인데 스토리까지 개쩔어요...진짜 극장에서 안보면 완전 후회할뻔 ㅠㅠ','2022-11-21 14:59:11',1,10,243),(352,4,'감상포인트를 선택해야 하는데 어떤 걸 선택해야 할지 몰라서 잠시 고민함.배우들 얼굴 보고 제복입은 모습도 보면 될 듯.','2022-11-21 14:59:11',1,10,244),(353,8,'이종석 차은우 넘 쪼끔 나와서 아쉬웠지만 다들 연기 너무 잘하고 긴장감넘쳐서 좋았다','2022-11-21 14:59:11',1,10,245);
/*!40000 ALTER TABLE `movie_comment` ENABLE KEYS */;
UNLOCK TABLES;

--
-- Temporary view structure for view `movie_comment_detail_view`
--

DROP TABLE IF EXISTS `movie_comment_detail_view`;
/*!50001 DROP VIEW IF EXISTS `movie_comment_detail_view`*/;
SET @saved_cs_client     = @@character_set_client;
/*!50503 SET character_set_client = utf8mb4 */;
/*!50001 CREATE VIEW `movie_comment_detail_view` AS SELECT 
 1 AS `mi_kor_title`,
 1 AS `mc_score`,
 1 AS `mc_content`,
 1 AS `ai_nickname`,
 1 AS `ai_name`*/;
SET character_set_client = @saved_cs_client;

--
-- Table structure for table `movie_comment_like`
--

DROP TABLE IF EXISTS `movie_comment_like`;
/*!40101 SET @saved_cs_client     = @@character_set_client */;
/*!50503 SET character_set_client = utf8mb4 */;
CREATE TABLE `movie_comment_like` (
  `mcl_seq` int NOT NULL AUTO_INCREMENT,
  `mcl_ai_seq` int NOT NULL,
  `mcl_like_dislike` int NOT NULL,
  `mcl_mc_seq` int NOT NULL,
  PRIMARY KEY (`mcl_seq`)
) ENGINE=InnoDB DEFAULT CHARSET=utf8mb4 COLLATE=utf8mb4_0900_ai_ci;
/*!40101 SET character_set_client = @saved_cs_client */;

--
-- Dumping data for table `movie_comment_like`
--

LOCK TABLES `movie_comment_like` WRITE;
/*!40000 ALTER TABLE `movie_comment_like` DISABLE KEYS */;
/*!40000 ALTER TABLE `movie_comment_like` ENABLE KEYS */;
UNLOCK TABLES;

--
-- Table structure for table `movie_comment_likes`
--

DROP TABLE IF EXISTS `movie_comment_likes`;
/*!40101 SET @saved_cs_client     = @@character_set_client */;
/*!50503 SET character_set_client = utf8mb4 */;
CREATE TABLE `movie_comment_likes` (
  `mcl_seq` int NOT NULL AUTO_INCREMENT,
  `mcl_ai_seq` int NOT NULL,
  `mcl_like_dislike` int NOT NULL,
  `mcl_mc_seq` int NOT NULL,
  PRIMARY KEY (`mcl_seq`)
) ENGINE=InnoDB DEFAULT CHARSET=utf8mb4 COLLATE=utf8mb4_0900_ai_ci;
/*!40101 SET character_set_client = @saved_cs_client */;

--
-- Dumping data for table `movie_comment_likes`
--

LOCK TABLES `movie_comment_likes` WRITE;
/*!40000 ALTER TABLE `movie_comment_likes` DISABLE KEYS */;
/*!40000 ALTER TABLE `movie_comment_likes` ENABLE KEYS */;
UNLOCK TABLES;

--
-- Table structure for table `movie_detail_info`
--

DROP TABLE IF EXISTS `movie_detail_info`;
/*!40101 SET @saved_cs_client     = @@character_set_client */;
/*!50503 SET character_set_client = utf8mb4 */;
CREATE TABLE `movie_detail_info` (
  `mdi_seq` int NOT NULL AUTO_INCREMENT,
  `mdi_title` text NOT NULL,
  `mdi_detail` text,
  `mdi_mi_seq` int NOT NULL,
  PRIMARY KEY (`mdi_seq`)
) ENGINE=InnoDB AUTO_INCREMENT=38 DEFAULT CHARSET=utf8mb4 COLLATE=utf8mb4_0900_ai_ci;
/*!40101 SET character_set_client = @saved_cs_client */;

--
-- Dumping data for table `movie_detail_info`
--

LOCK TABLES `movie_detail_info` WRITE;
/*!40000 ALTER TABLE `movie_detail_info` DISABLE KEYS */;
INSERT INTO `movie_detail_info` VALUES (1,'“와칸다를 지켜라!”','거대한 두 세계의 충돌, 운명을 건 최후의 전투가 시작된다!\r\n국왕이자 ‘블랙 팬서’인 \'티찰라\'의 죽음 이후\r\n 수많은 강대국으로부터 위협을 받게 된 \'와칸다\'.\r\n \'라몬다\', \'슈리\' 그리고 \'나키아\', \'오코예, \'음바쿠\'는\r\n 각자 사명감을 갖고 \'와칸다\'를 지키기 위해 외로운 싸움을 이어간다.\r\n \r\n 한편, 비브라늄의 패권을 둘러싼 미스터리한 음모와 함께\r\n 깊은 해저에서 모습을 드러낸 최강의 적 \'네이머\'와 \'탈로칸\'의 전사들은\r\n \'와칸다\'를 향해 무차별 공격을 퍼붓기 시작하는데…',1),(2,'\"부서진 차… 손에 묻은 피… 권총 한 자루… 내가 왜 여기에 있는 거지?\"','뇌종양 말기, 80대 알츠하이머 환자인 한필주. 일제강점기 때 친일파들에게 가족을 모두 잃었다.\r\n 아내가 세상을 떠나자 필주는 60여 년을 계획해 온 복수를 감행하려고 한다.\r\n 그는 알바 중인 패밀리 레스토랑에서 절친이 된 20대 알바생 인규에게\r\n 일주일만 운전을 도와 달라 부탁한다.\r\n \r\n “원래 이런 사람이었어요? 정체가 뭐예요 도대체?! 같이 접시 닦던 사람 맞아요?”\r\n \r\n 이유도 모른 채 필주를 따라나선 인규는 첫 복수 현장의 CCTV에 노출되어 유력 용의자로 지목된다.\r\n 경찰은 수사망을 좁혀오고 사라져가는 기억과 싸우며 필주는 복수를 이어가는데…\r\n \r\n 60년의 계획, 복수를 위한 위험한 동행이 시작된다!',9),(3,'\"간밤에 무슨 일이 있었나?\"',' <옆집사람>은 원서 접수비 만 원을 빌리려다 시체와 원룸에 갇힌 5년 차 경시생 찬우의 하루를 그린 영화. 지난 7월 개최된 제26회 부천국제판타스틱영화제에서 NH농협상과 코리안 판타스틱 배우상 심사위원 특별언급(오동민)으로 2관왕을 달성했으며, 세계 3대 판타스틱영화제 중 하나인 제40회 브뤼셀국제판타스틱영화제를 비롯해 제26회 판타지아국제영화제, 제21회 뉴욕아시안영화제, 제42회 하와이국제영화제 등 세계 유수의 영화제에 연이어 초청받으며 작품성과 화제성을 입증했다.\r\n 한국예술종합학교 출신의 염지호 감독은 <웨잇데어>, <이퀄라이저> 등의 단편에서부터 탁월한 기량으로 주목받았다. 촉망받는 신예 염지호 감독의 스크린 데뷔작인 <옆집사람>은 언젠가 자신이 아이디어 노트에 적어 둔 ‘자다가 깨어났는데 옆에 시체가 있다면?’이라는 한 줄의 흥미로운 문구에서 출발했다. 이렇게 하룻밤 사이 경찰공무원을 준비하는 경시생에서 살인사건의 유력한 용의자로 몰릴 기막힌 위기에 처한 주인공의 이야기가 탄생한 것. 지극히 평범한 인물의 일상적인 공간에 파고든 영화적 사건은 생생한 현장감으로 탁월한 몰입감을 선사한다. 특히, 극한 상황 속에서도 \'원서 접수 마감\'이라는 현생에 얽매여 안달복달 고군분투하는 보통의 청춘 \'찬우\'의 모습이 공감과 연민, 때때로 웃음마저 자아낸다.\r\n 영화는 표면적으로 대중적인 장르 영화의 문법을 취하고 있지만 내면을 들여다보면 옆집에 누가 사는지 무관심한 도시의 익명성과 탐욕과 이기심으로 쉽게 허물어질 수 있는 가치관 등 요즘 세태를 반영하고 있다. 염지호 감독 또한 “이기적이고 남에게 무관심해지는 사람들의 모습과 물질만능주의 같은 내가 보고 느낀 현대사회의 모습을 담아서 풍자해보고 싶었다.”라는 메시지를 전해 재미와 더불어 의미 있는 작품으로 기대감을 높인다.\r\n 하반기를 책임질 대세 배우 ‘오동민’\r\n 만 원 때문에 살인에 휘말린 장수생으로 변신\r\n 부천영화제 코리안 판타스틱 배우상 심사위원 특별언급\r\n “드디어 만났다고 생각했을 만큼 취향저격의 시나리오였다”',2),(4,'지갑을 잃어버려서 그러는데, 2만 원만 빌려주시겠어요?','고속도로 휴게소에서 텐트를 집, 밤하늘의 달을 조명 삼아 살고 있는 기우(정일우)와 가족들.\r\n 다시 마주칠 일 없는 휴게소 방문객들에게 돈을 빌려 캠핑하듯 유랑하며 살아가던 이들이\r\n 어느 날, 이미 한 번 만난 적 있는 영선(라미란)과 다른 휴게소에서 다시 마주친다.\r\n \r\n 인생은 놀이, 삶은 여행처럼 살아가던 고속도로 가족과 그들이 신경 쓰이는 영선.\r\n 이 두 번의 우연한 만남은 예기치 못한 사건으로 이어지는데…',5),(5,'줄거리','미국에 이민 와 힘겹게 세탁소를 운영하던 에블린은 세무당국의 조사에 시달리던 어느 날\r\n 남편의 이혼 요구와 삐딱하게 구는 딸로 인해 대혼란에 빠진다.\r\n 그 순간 에블린은 멀티버스 안에서 수천, 수만의 자신이 세상을 살아가고 있다는 사실을 알게 되고,\r\n 그 모든 능력을 빌려와 위기의 세상과 가족을 구해야 하는 운명에 처한다.',4),(6,'누구도 막을 수 없다!','기원전 가장 번성하고 위대한 고대 국가였지만\r\n 현재는 국제 군사 조직 인터갱의 독재 국가로 전락한 칸다크.\r\n 인터갱의 눈을 피해 고대 유물을 찾던 \'아드리아나\'는\r\n 우연히 5000년 동안 잠들어 있던 \'블랙 아담\'을 깨우게 된다.\r\n \r\n 엄청난 괴력과 스피드, 방탄 능력과 자유자재의 고공비행, 번개를 쏘는 능력까지.\r\n 온몸이 무기인 \'블랙 아담\'은 자신의 앞을 막아서는 인터갱들을 모조리 쓸어버리고\r\n 칸다크 국민들은 이에 열광한다. 한편, 그의 폭주를 막기 위해 호크맨, 닥터 페이트, 아톰 스매셔,\r\n 사이클론으로 구성된 히어로 군단 \'저스티스 소사이어티\'가 칸다크에 나타나는데...\r\n \r\n 세상을 구할 것인가, 파괴할 것인가\r\n 사람들이 열광할 문제적 히어로가 온다!',6),(7,'내 생애 가장 빛나는 선물 모든 순간이 노래가 된다!','무뚝뚝한 남편 ‘진봉’과 무심한 아들 딸을 위해 헌신하며 살아온 ‘세연’은\r\n 어느 날 자신에게 시간이 얼마 남지 않았다는 것을 알게 된다.\r\n 한 치 앞도 알 수 없는 인생에 서글퍼진 ‘세연’은 마지막 생일선물로\r\n 문득 떠오른 자신의 첫사랑을 찾아 달라는 황당한 요구를 한다.\r\n 막무가내로 우기는 아내의 고집에 어쩔 수 없이 여행길에 따라나선 ‘진봉’은\r\n 아무런 단서도 없이 이름 석 자만 가지고 무작정 전국 방방곡곡을 누빈다.\r\n 시도 때도 없이 티격태격 다투던 두 사람은 가는 곳곳마다\r\n 자신들의 찬란했던 지난날 소중한 기억을 하나 둘 떠올리는데...\r\n 과연 ‘세연’의 첫사랑은 어디에 있으며 그들의 여행은 무사히 마칠 수 있을까?',7),(8,'나라의 운명을 바꾼 승리의 전투','못다 한 이야기가 밝혀진다!\r\n1592년,\r\n 임진왜란 발발 후 15일만에 한양을 빼앗긴 절체절명의 위기에 놓인 조선.\r\n 명나라로 향하는 야망을 꿈꾸며 연승에 힘입어 한산도 앞바다까지 당도한 파죽지세의 왜군.\r\n \r\n 앞선 전투로 손상된 거북선의 출정 불가, 왜군의 연합을 통한 절대적인 군사적 열세인 상황, 조선 장수들의 의견 또한 첨예하게 맞서며 이순신 장군의 고뇌 또한 깊어진다.\r\n \r\n 나아갈 곳도 물러설 곳도 없는 풍전등화와 같은 상황 속,\r\n 이순신 장군은 조선의 운명을 건 압도적 승리를 위한 전투를 준비한다.\r\n \r\n 1592년 음력 7월 8일 한산도 앞바다,\r\n 승리의 이야기는 아직 끝나지 않았다!',8),(9,'짱구와 친구들, 명문학교에 입학하다?!','명문 엘리트 양성학교에 체험 입학하게 된 짱구와 친구들!\r\n 좋은 성적을 내서 학교에 정식 입학하고 싶은 철수와 장난만 치려는 짱구는 크게 싸우게 된다.\r\n 그러던 중 학교에 도는 괴소문의 존재 ‘흡덩귀’에게 철수가 엉덩이를 물린 채 발견된다.\r\n ‘흡덩귀’에게 엉덩이를 물리면 엘리트 학생도 모지리로 변하게 되는데….\r\n 철수와 학생들을 구하기 위해 짱구와 떡잎마을 방범대 친구들은 탐정 동아리를 결성하고 수사를 시작한다!\r\n \r\n 범인은 과연 누구?\r\n 짱구는 사건을 해결하고 철수와의 우정을 지킬 수 있을까?!',9),(12,'<겨울 왕국><엔칸토>\r\n디즈니 스튜디오가 선사하는 초특급 비주얼 어트랙션!','전설적인 탐험가 가문 ‘클레이드’ 패밀리의 ‘서처 클레이드’는\r\n 아내 ‘메리디언’, 아들 ‘이든’과 함께 농장을 운영하며\r\n 평화로운 일상을 살고 있다.\r\n \r\n 어느 날, 대통령 ‘칼리스토’가 찾아와\r\n 위험에 빠진 아발로니아를 위해 도움을 요청하고\r\n ‘서처’는 내키지 않지만 어쩔 수 없이 가족들과 모험에 나서게 된다.\r\n \r\n 모든 것이 살아 숨 쉬는 미지의 세계에 도착한 ‘서처’는\r\n 오래전 행방불명 되었던 아버지, 전설의 탐험가 ‘예거 클레이드’를 만나게 된다.\r\n \r\n 여전히 엉뚱하고 탐험 의욕이 넘치는 아버지 ‘예거’와\r\n 평화로운 삶을 살고 싶은 ‘서처’,\r\n 그리고 ‘서처’와는 다른 삶을 꿈꾸는 아들 ‘이든’까지\r\n 서로 너무 다른 개성 강한 클레이드 패밀리는\r\n 누구도 본 적 없고, 가본 적 없는 신비롭고 경이로운 세계에서\r\n 무사히 집으로 돌아갈 수 있을까?',11),(13,'폴: 600미터','지상에서 가장 높은 600m 타워\r\n 내려갈 단 하나의 길이 끊겼다!\r\n \r\n 핸드폰 먹통\r\n 식량 전무\r\n 잠들면 추락\r\n \r\n 한계 초과! 압도적 스릴!\r\n 지금껏 없었던 고소공포에 전율한다!',13),(14,'\"1845년, 조선 근대의 문을 열다!\r\n새로운 세상을 꿈꾼 청년 김대건의 위대한 모험\"','호기심 많고 말보다 행동이 앞서는 청년 김대건.\r\n 조선 최초의 신부가 되라는 운명을 기꺼이 받아들이고,\r\n 신학생 동기 최양업, 최방제와 함께 마카오 유학길에 나선다.\r\n 나라 안팎으로 외세의 침략이 계속되고 아편전쟁이 끝나지 않은 시기,\r\n 김대건은 바다와 육지를 종횡무진 누비며 마침내 조선 근대의 길을 열어젖힌다!',14),(15,'소현세자의 죽음과 관련된 역사적 미스터리!','맹인이지만 뛰어난 침술 실력을 지닌 ‘경수’는 어의 ‘이형익’에게 그 재주를 인정받아 궁으로 들어간다. \r\n그 무렵, 청에 인질로 끌려갔던 ‘소현세자’가 8년 만에 귀국하고, ‘인조’는 아들을 향한 반가움도 잠시 정체 모를 불안감에 휩싸인다.\r\n그러던 어느 밤, 어둠 속에서는 희미하게 볼 수 있는 ‘경수’가 ‘소현세자’의 죽음을 목격하게 되고\r\n진실을 알리려는 찰나 더 큰 비밀과 음모가 드러나며 목숨마저 위태로운 상황에 빠진다.\r\n아들의 죽음 후 ‘인조’의 불안감은 광기로 변하여 폭주하기 시작하고 세자의 죽음을 목격한 ‘경수’로 인해 관련된 인물들의 민낯이 서서히 드러나게 되는데...',12),(19,'\"영웅!\"','1909년 10월, 하얼빈에서 이토 히로부미를 사살한 뒤 일본 법정의 사형 판결을 받고 순국한 안중근 의사가\r\n거사를 준비하던 때부터 죽음을 맞이하던 순간까지, 잊을 수 없는 마지막 1년을 그린 영화',16),(21,'천하를 놓고 대국(大國)들의 전쟁이 시작된다!\r\n끝까지 싸워 살아남아라!','‘영정’이 진나라의 왕좌를 탈환한 지 반년 후,\r\n 경쟁국 위나라가 침공을 감행한다.\r\n \r\n 이에 진나라의 군사들은 국경으로 향하고,\r\n 천하대장군을 꿈꾸는 소년 ‘신’은\r\n 보병으로 첫 전쟁에 뛰어든다.\r\n \r\n 열세 속에 아군이 절반 이상 전사한 최악의 전황!\r\n \r\n 그러나, 신이 속한 대대를 지휘하는 표공 장군은\r\n 계속해서 무모한 돌격 명령을 내리는데…',18),(22,'공조 이즈 백! 이번엔 삼각 공조다!','남한으로 숨어든 글로벌 범죄 조직을 잡기 위해\r\n 새로운 공조 수사에 투입된 북한 형사 ‘림철령’(현빈).\r\n 수사 중의 실수로 사이버수사대로 전출됐던 남한 형사 ‘강진태’(유해진)는\r\n 광수대 복귀를 위해 모두가 기피하는 ‘철령’의 파트너를 자청한다.\r\n \r\n 이렇게 다시 공조하게 된 ‘철령’과 ‘진태’!\r\n ‘철령’과 재회한 ‘민영’(임윤아)의 마음도 불타오르는 가운데,\r\n ‘철령’과 ‘진태’는 여전히 서로의 속내를 의심하면서도 나름 그럴싸한 공조 수사를 펼친다.\r\n 드디어 범죄 조직 리더인 ‘장명준’(진선규)의 은신처를 찾아내려는 찰나,\r\n 미국에서 날아온 FBI 소속 ‘잭’(다니엘 헤니)이 그들 앞에 나타나는데…!\r\n \r\n 아직도 짠내 나는 남한 형사,\r\n 여전한 엘리트 북한 형사,\r\n 그리고 FBI 소속 해외파 형사까지!\r\n 각자의 목적으로 뭉친 그들의 짜릿한 공조 수사가 시작된다!',1),(23,'1977년 냉전 시대의 에스토니아,','군 기지에서 복무 중이던 젊은 군인 ‘세르게이’는 새로 온 전투기 조종사 ‘로만’에게 첫눈에 이끌린다.\r\n 위태롭게 선을 넘나들던 두 남자는 모든 게 금지된 시대에 위험한 사랑을 시작한다.',17),(24,'소음이 커지는 순간 폭.발.한.다','물이 끓는 주전자 소리, 창문 여는 소리, 놀이터 아이들의 웃음 소리…\r\n 잠시 후, 거대한 굉음과 함께 단독 주택이 폭발했다는 뉴스 속보가 전해진다.\r\n 그리고, 뉴스를 지켜보던 전직 해군 부함장(김래원)에게 걸려온 전화\r\n \r\n “소음이 커지면 터집니다. 다음 타깃은 축구 경기장이에요”\r\n \r\n 사태를 파악할 겨를도 없이, 관중들로 가득 찬 축구 경기장을\r\n 다음 테러의 타깃으로 지목하는 폭탄 설계자(이종석)\r\n \r\n 소음이 커지는 순간 폭발하는 특수 폭탄의 위협은 계속되고,\r\n 사상 최대의 도심 폭탄 테러를 막기 위해 모든 비밀을 손에 쥔 폭탄 설계자를 찾아야만 하는데…\r\n \r\n 도심 한복판에서 벌어지는 사운드 테러 액션\r\n 오늘 반드시 이 폭발을 막아야만 한다!',10),(25,'\"엄마!!!나 살아있어!!살아있다고!!! 마일즈 쿼리치\"','<아바타: 물의 길>은 판도라 행성에서\r\n \'제이크 설리\'와 \'네이티리\'가 이룬 가족이 겪게 되는 무자비한 위협과\r\n 살아남기 위해 떠나야 하는 긴 여정과 전투,\r\n 그리고 견뎌내야 할 상처에 대한 이야기를 그렸다.\r\n 월드와이드 역대 흥행 순위 1위를 기록한 전편 <아바타>에 이어\r\n 제임스 카메론 감독이 13년만에 선보이는 영화로,\r\n 샘 워싱턴, 조 샐다나, 시고니 위버, 스티븐 랭, 케이트 윈슬렛이 출연하고\r\n 존 랜도가 프로듀싱을 맡았다.',19),(26,'누구도 막을 수 없다!','기원전 가장 번성하고 위대한 고대 국가였지만\r\n 현재는 국제 군사 조직 인터갱의 독재 국가로 전락한 칸다크.\r\n 인터갱의 눈을 피해 고대 유물을 찾던 \'아드리아나\'는\r\n 우연히 5000년 동안 잠들어 있던 \'블랙 아담\'을 깨우게 된다.\r\n \r\n 엄청난 괴력과 스피드, 방탄 능력과 자유자재의 고공비행, 번개를 쏘는 능력까지.\r\n 온몸이 무기인 \'블랙 아담\'은 자신의 앞을 막아서는 인터갱들을 모조리 쓸어버리고\r\n 칸다크 국민들은 이에 열광한다. 한편, 그의 폭주를 막기 위해 호크맨, 닥터 페이트, 아톰 스매셔,\r\n 사이클론으로 구성된 히어로 군단 \'저스티스 소사이어티\'가 칸다크에 나타나는데...\r\n \r\n 세상을 구할 것인가, 파괴할 것인가\r\n 사람들이 열광할 문제적 히어로가 온다!',6),(27,'1999년, \'용\'은 첫눈에 반하게 된 \'한솔\'을 사로잡기 위해\r\n 친구에게 HAM 무전기를 빌린다.','2022년, ‘무늬’는 인터뷰 과제를 위해\r\n 오래된 HAM 무전기를 작동시킨다.\r\n \'씨큐... 씨큐... 제 목소리 들리세요?\'\r\n 개기 월식이 일어난 날,\r\n 시간을 뛰어넘어 기적처럼 연결된 ‘용’과 ‘무늬’는\r\n 서로의 사랑과 우정을 이야기하며 특별한 감정을 쌓아가는데...\r\n 1999 - 2022\r\n 마음을 수신합니다.',4),(28,'\"‘비상선언’: 재난 상황에 직면한 항공기가 더 이상 정상적인 운항이 불가능하여,\r\n무조건적인 착륙을 요청하는 비상사태를 뜻하는 항공 용어!','베테랑 형사 팀장 인호(송강호)는 비행기 테러 예고 영상 제보를 받고 사건을 수사하던 중\r\n 용의자가 실제로 KI501 항공편에 타고 있음을 파악한다.\r\n 딸의 치료를 위해 비행 공포증임에도 불구하고 하와이로 떠나기로 한 재혁(이병헌)은\r\n 주변을 맴돌며 위협적인 말을 하는 낯선 이가 신경 쓰인다.\r\n \r\n 인천에서 하와이로 이륙한 KI501 항공편에서 원인불명의 사망자가 나오고,\r\n 비행기 안은 물론 지상까지 혼란과 두려움의 현장으로 뒤바뀐다.\r\n \r\n 이 소식을 들은 국토부 장관 숙희(전도연)는 대테러센터를 구성하고\r\n 비행기를 착륙시킬 방법을 찾기 위해 긴급회의를 소집하는데…',26),(29,'인간 스스로 먹잇감이 되다','동남아시아로 도피한 인터폴 수배자들을 이송할 움직이는 교도소 ‘프론티어 타이탄’.\r\n 극악무도한 이들과 베테랑 형사들이 필리핀 마닐라 항구에 모이고\r\n 탈출을 꿈꾸는 종두(서인국), 한국으로 돌아가야만 하는 도일(장동윤)을 비롯해\r\n 이들은 각자의 목적과 경계심을 품고 탑승한다.\r\n \r\n 한국으로 향하던 중, 태평양 한 가운데에서 이들에게는\r\n 지금까지 보지 못한 극한의 상황과 마주하게 되는데…\r\n \r\n 태평양 한 가운데의 지옥, 누가 살아남을 것인가?',1),(30,'\"제대로 함정에 빠졌다!\"','불륜 사실을 폭로하겠다는 협박을 받고 향한 호텔에서 의문의 습격을 당한 유민호(소지섭).\r\n 정신을 차려보니 함께 있던 김세희(나나)는 죽어있고, 범인은 흔적도 없이 사라졌다.\r\n \r\n 하루아침에 성공한 사업가에서 밀실 살인 사건의 유일한 용의자로 누명을 쓴 유민호는\r\n 무죄를 입증하기 위해 승률 100%의 변호사 양신애(김윤진)를 찾는다.\r\n \r\n 눈 내리는 깊은 산속의 별장에서 마주한 두 사람,\r\n 양신애는 완벽한 진술을 위해 처음부터 사건을 재구성해야 한다고 말하고,\r\n 사건의 조각들이 맞춰지며 유민호가 감추고 있던 또 다른 사건이 모습을 드러내게 되는데…\r\n \r\n 두 개의 사건, 두 개의 시신\r\n 숨겨진 진실이 밝혀진다.',3),(31,'트랜스','트랜스휴머니즘이라고 들어봤니?”\r\n학교에서 괴롭힘을 당하던 소녀, 민영.\r\n 같은 반 이태에게 ‘트랜스휴먼’에 대해 듣게 되고\r\n 인류 진화 프로젝트에 합류한다.\r\n \r\n “지금 넌, 네 머릿속에 있어”\r\n \r\n 자신을 괴롭히던 마태용의 시체가 학교에서 발견되고\r\n 민영은 범인으로 지목되며 혼란에 빠진다.\r\n ‘타임루프’를 헤매며 진실을 밝히기 위한 민영의 고군분투가 시작된다.',16),(35,'“나한테 죽이는 아이디어가 있어. 대한민국에서 한 번도 시도 안 했던 거”','샘솟는 사업 아이디어와 타고난 말빨의 압구정 토박이 ‘대국’(마동석)은\r\n 한때 잘나가던 실력 TOP 성형외과 의사 ‘지우’(정경호)를 만나게 된다.\r\n \r\n 재기를 꿈꾸는 그의 욕심과 잠재력을 한눈에 알아본 ‘대국’은\r\n 일생일대의 사업 수완을 발휘할 때가 왔음을 본능적으로 직감한다.\r\n \r\n ‘대국’은 남다른 추진력으로 ‘지우’의 실력, 압구정 인싸 ‘미정’(오나라)의 정보력,\r\n 압구정 큰 손 ‘태천’(최병모)의 자본, 그리고 압구정 황금줄 ‘규옥’(오연서)의 인맥을 한데 모아\r\n 압구정을 대표하는 성형외과를 넘어, 아시아를 대표하는 뷰.티.도.시.를 꿈꾸는데…',15),(36,'이것은 조금 먼 미래의 겨울부터 시작되는 이야기','시마 린은 고향인 야마나시를 떠나,\r\n 나고야의 작은 출판사에 취직해 혼자서 생활하고 있었다.\r\n 어느 주말 투어링 계획을 세우고 있던 린에게\r\n 고등학교 친구인 오가키 치아키가 갑작스럽게 보낸 문자가 왔다.\r\n “나 지금 나고야에 있는데.”\r\n 야마나시 관광 추진 기구에서 일하는 치아키는 몇 년 전에 폐쇄된\r\n 모 시설의 재개발 계획을 맡고 있었다.\r\n “그렇게 넓은 부지면 캠핑장이라도 만들든가.”\r\n 린이 무심코 내뱉은 말 한마디에 움직이기 시작한 치아키,\r\n 도쿄의 아웃도어 매장에서 일하는 카가미하라 나데시코,\r\n 고향인 야마나시에서 초등학교 교사가 된 이누야마 아오이,\r\n 요코하마의 애견 미용실에서 근무하는 사이토 에나.\r\n 예전의 캠핑 동료들이 모이면서, 캠핑장 개발 계획이 시작된다.\r\n \r\n 캠핑으로 이어진 5명이, 지금이기에 할 수 있는 일에 도전!\r\n 아웃도어 계열, 걸즈 스토리 개막.',20),(37,'인간 스스로 먹잇감이 되다','동남아시아로 도피한 인터폴 수배자들을 이송할 움직이는 교도소 ‘프론티어 타이탄’.\r\n 극악무도한 이들과 베테랑 형사들이 필리핀 마닐라 항구에 모이고\r\n 탈출을 꿈꾸는 종두(서인국), 한국으로 돌아가야만 하는 도일(장동윤)을 비롯해\r\n 이들은 각자의 목적과 경계심을 품고 탑승한다.\r\n \r\n 한국으로 향하던 중, 태평양 한 가운데에서 이들에게는\r\n 지금까지 보지 못한 극한의 상황과 마주하게 되는데…\r\n \r\n 태평양 한 가운데의 지옥, 누가 살아남을 것인가?',1);
/*!40000 ALTER TABLE `movie_detail_info` ENABLE KEYS */;
UNLOCK TABLES;

--
-- Table structure for table `movie_images`
--

DROP TABLE IF EXISTS `movie_images`;
/*!40101 SET @saved_cs_client     = @@character_set_client */;
/*!50503 SET character_set_client = utf8mb4 */;
CREATE TABLE `movie_images` (
  `mimg_seq` int NOT NULL AUTO_INCREMENT,
  `mimg_file` varchar(255) NOT NULL,
  `mimg_order` int NOT NULL,
  `mimg_main` int NOT NULL DEFAULT '0',
  `mimg_mi_seq` int NOT NULL,
  PRIMARY KEY (`mimg_seq`)
) ENGINE=InnoDB DEFAULT CHARSET=utf8mb4 COLLATE=utf8mb4_0900_ai_ci;
/*!40101 SET character_set_client = @saved_cs_client */;

--
-- Dumping data for table `movie_images`
--

LOCK TABLES `movie_images` WRITE;
/*!40000 ALTER TABLE `movie_images` DISABLE KEYS */;
/*!40000 ALTER TABLE `movie_images` ENABLE KEYS */;
UNLOCK TABLES;

--
-- Table structure for table `movie_info`
--

DROP TABLE IF EXISTS `movie_info`;
/*!40101 SET @saved_cs_client     = @@character_set_client */;
/*!50503 SET character_set_client = utf8mb4 */;
CREATE TABLE `movie_info` (
  `mi_seq` int NOT NULL AUTO_INCREMENT,
  `mi_genre` varchar(20) NOT NULL,
  `mi_kor_title` varchar(255) NOT NULL,
  `mi_eng_title` varchar(255) DEFAULT NULL,
  `mi_country` varchar(30) NOT NULL,
  `mi_running_time` int NOT NULL,
  `mi_opening_dt` datetime NOT NULL,
  `mi_reg_year` int NOT NULL,
  `mi_status` int NOT NULL DEFAULT '1',
  `mi_viewing_age` int NOT NULL DEFAULT '0',
  PRIMARY KEY (`mi_seq`)
) ENGINE=InnoDB AUTO_INCREMENT=34 DEFAULT CHARSET=utf8mb4 COLLATE=utf8mb4_0900_ai_ci;
/*!40101 SET character_set_client = @saved_cs_client */;

--
-- Dumping data for table `movie_info`
--

LOCK TABLES `movie_info` WRITE;
/*!40000 ALTER TABLE `movie_info` DISABLE KEYS */;
INSERT INTO `movie_info` VALUES (1,'1;2;3','블랙 팬서: 와칸다 포에버','Black Panther: Wakanda Forever','미국',161,'2022-11-09 00:00:00',2022,1,12),(2,'2;3','옆집사람','Next Door','한국',93,'2022-11-03 00:00:00',2022,1,15),(3,'3','리멤버','REMEMBER','한국',128,'2022-10-26 00:00:00',2022,1,15),(4,'1;9','에브리씽 에브리웨어 올 앳 원스','Everything Everywhere All At Once','미국',139,'2022-10-12 00:00:00',2022,1,15),(5,'3','고속도로 가족','Highway Family','한국',129,'2022-11-02 00:00:00',2021,1,15),(6,'1;2;16','블랙 아담','Black Adam','미국',125,'2022-10-19 00:00:00',2022,1,12),(7,'4','인생은 아름다워','Life is Beautiful','한국',122,'2022-09-28 00:00:00',2022,1,12),(8,'1;3','한산 리덕스',NULL,'한국',150,'2022-11-16 00:00:00',2021,1,12),(9,'5','극장판 짱구는 못말려: 수수께끼! 꽃피는 천하떡잎학교','Crayon Shin-chan: School Mystery! The Splendid Tenkasu Academy','일본',105,'2022-09-28 00:00:00',2022,1,0),(10,'1','데시벨','Decibel','한국',110,'2022-11-16 00:00:00',2021,1,12),(11,'5','스트레인지 월드','Strange World','미국',102,'2022-11-23 00:00:00',2022,2,0),(12,'11','올빼미',NULL,'한국',118,'2022-11-23 00:00:00',2022,1,15),(13,'1;11','폴: 600미터','The Fall','영국, 미국',107,'2022-11-16 00:00:00',2022,1,12),(14,'3','탄생',NULL,'한국',151,'2022-11-30 00:00:00',2022,3,12),(15,'3','리멤버','REMEMBER','한국',128,'2022-10-26 00:00:00',2022,1,15),(16,'3;4','영웅','Hero,2020','한국',160,'2022-12-25 00:00:00',2022,2,12),(18,'1;2 ','공조2: 인터내셔날 ',NULL,'한국',129,'2022-09-07 00:00:00',2022,1,15),(20,'1;2','극장판 유루캠△','LAID-BACK CAMP THE MOVIE','일본',120,'2022-10-27 00:00:00',2022,1,12),(21,'1;15;16','아바타: 물의 길','Avatar: The Way of Water','미국',183,'2022-12-23 00:00:00',2022,1,12),(22,'1;2;16','블랙아담','Black Adam','미국',125,'2022-11-19 00:00:00',2022,1,12),(23,'1;2','동감','Ditto','한국',114,'2022-11-16 00:00:00',2022,1,12),(25,'3','트랜스','trans','한국',93,'2022-11-17 00:00:00',2022,1,15),(26,'3','비상선언','Emergency Declaration','한국',140,'2022-08-03 00:00:00',2022,1,12),(27,'1;2','자백','Confession','한국',105,'2022-10-16 00:00:00',2020,1,15),(29,'1;7','킹덤2: 아득한 대지로','Kingdom2','일본',133,'2022-11-16 00:00:00',2022,1,15),(31,'코미디,드라마','압꾸정','Men of plastic','한국',112,'2022-11-30 00:00:00',2022,0,12),(32,'1;2','파이어버드','FIREBIRD','에스토니아, 영국',107,'2022-11-17 00:00:00',2022,1,15),(33,'1;2','늑대사냥','Wolf Hunting','한국',121,'2022-09-21 00:00:00',2022,1,18);
/*!40000 ALTER TABLE `movie_info` ENABLE KEYS */;
UNLOCK TABLES;

--
-- Table structure for table `movie_staff_info`
--

DROP TABLE IF EXISTS `movie_staff_info`;
/*!40101 SET @saved_cs_client     = @@character_set_client */;
/*!50503 SET character_set_client = utf8mb4 */;
CREATE TABLE `movie_staff_info` (
  `msi_seq` int NOT NULL AUTO_INCREMENT,
  `msi_name` varchar(100) NOT NULL,
  `msi_img_file` varchar(255) DEFAULT NULL,
  PRIMARY KEY (`msi_seq`)
) ENGINE=InnoDB AUTO_INCREMENT=196 DEFAULT CHARSET=utf8mb4 COLLATE=utf8mb4_0900_ai_ci;
/*!40101 SET character_set_client = @saved_cs_client */;

--
-- Dumping data for table `movie_staff_info`
--

LOCK TABLES `movie_staff_info` WRITE;
/*!40000 ALTER TABLE `movie_staff_info` DISABLE KEYS */;
INSERT INTO `movie_staff_info` VALUES (1,'라이언 쿠글러','default.png'),(2,'레티티아 라이트','default.png'),(3,'다나이 구리라','default.png'),(4,'루피타 뇽','default.png'),(5,'테노치 우에르타 메히아','default.png'),(6,'다니엘 콴','default.png'),(7,'양자경','default.png'),(8,'스테파니 수','default.png'),(9,'키 호이 콴','default.png'),(10,'제이미 리 커티스','default.png'),(11,'이일형','default.png'),(12,'이성민','default.png'),(13,'남주혁','default.png'),(14,'오동민','default.png'),(15,'최희진','default.png'),(16,'이정현','default.png'),(17,'김한민','default.png'),(18,'박해일','default.png'),(19,'변요한','default.png'),(20,'안성기','default.png'),(21,'손현주','default.png'),(22,'자움 콜렛 세라','default.png'),(23,'드웨인 존슨','default.png'),(24,'노아 센티네오','default.png'),(25,'피어스 브로스넌','default.png'),(26,'퀜테사 스윈들','default.png'),(27,'알디스 호지','default.png'),(28,'이상문','default.png'),(29,'라미란','default.png'),(30,'정일우','default.png'),(31,'김슬기','default.png'),(32,'백현진','default.png'),(33,'최국희','default.png'),(34,'류승룡','default.png'),(35,'염정아','default.png'),(36,'박세완','default.png'),(37,'옹성우','default.png'),(38,'심달기','default.png'),(39,'타카하시 와타루','default.png'),(40,'윤제균 ','default.png'),(41,'정성화','default.png'),(42,'김고은','default.png'),(43,'나문희','default.png'),(44,'조재윤','default.png'),(45,'그레이스 펄튼','default.png'),(46,'버지니아 가드너','default.png'),(47,'제프리 딘 모건','default.png'),(48,'메이슨 구딩','default.png'),(49,'줄리아 페이스 밋첼','default.png'),(50,'제스퍼 콜','default.png'),(51,'스콧 만','default.png'),(52,'현빈','default.png'),(53,'유해진','default.png'),(54,'윤아','default.png'),(55,'다니엘 헤니','default.png'),(56,'진선규','default.png'),(57,'장영남','default.png'),(58,'박훈','default.png'),(59,'임성재','default.png'),(60,'사토 신스케','defauli.png'),(61,'야마자키 켄토','defauli.png'),(62,'요시자와 료','defauli.png'),(63,'하시모토 칸나','defauli.png'),(64,'세이노 나나','defauli.png'),(65,'돈 홀','default.png'),(66,'제이크 질렌할','default.png'),(67,'루시 리우','default.png'),(68,'데니스 퀘이드','default.png'),(69,'가브리엘 유니온','default.png'),(70,'염지호','default.png'),(71,'쿄고쿠 요시아키','default.png'),(72,'하나모리 유미리','default.png'),(73,'토요사키 아키','default.png'),(74,'하라 사유리','default.png'),(75,'타카하시 리에','default.png'),(76,'피터 리베인','default.png'),(77,'톰 프라이어','default.png'),(78,'올렉 자고로드니','default.png'),(79,'다이애나 포자르스카야','default.png'),(80,'제이크 헨더슨','default.png'),(81,'황인호','default.png'),(82,'김래원','default.png'),(83,'이종석','default.png'),(84,'정상훈','default.png'),(85,'박병은','default.png'),(86,'이상희','default.png'),(87,'안태진','movicpic1.jpg'),(88,'류준열','movicpic2.jpg'),(89,'유해진','movicpic3.jpg'),(90,'최무성','movicpic4.jpg'),(91,'조성하','movicpic5.jpg'),(92,'박명훈','movicpic6.jpg'),(93,'김성철','movicpic7.jpg'),(94,'안은진','movicpic8.jpg'),(95,'조윤서','movicpic9.jpg'),(96,'이석훈','default.png'),(97,'박흥식','default.png'),(98,'윤시윤','default.png'),(99,'안성기','default.png'),(100,'윤경호','default.png'),(101,'이문식','default.png'),(102,'이석훈','default.png'),(110,'최국희','default.png'),(111,'류승룡','default.png'),(112,'염정아','default.png'),(113,'박세완','default.png'),(114,'옹성우','default.png'),(115,'심달기','default.png'),(116,'지움 콜렛 세라','default.png'),(117,'드웨인존슨','default.png'),(118,'노아 센티네오','default.png'),(119,'피어스 브로스넌','default.png'),(120,'퀸테사 스윈델','default.png'),(121,'알디스 호지','default.png'),(122,'사라 샤이','default.png'),(123,'서은영','default4.png'),(124,'여진구','default4.png'),(125,'조이현','default4.png'),(126,'김혜윤','default4.png'),(127,'나인우','default4.png'),(128,'배인혁','default4.png'),(129,'한재림','default.png'),(130,'송강호','default.png'),(131,'이병헌','default.png'),(132,'전도연','default.png'),(133,'김남길','default.png'),(134,'서인국','default.png'),(135,'장동윤','default.png'),(136,'최귀화','default.png'),(137,'성동일','default.png'),(138,'박호산','default.png'),(139,'정소민','default.png'),(140,'고창석','default.png'),(141,'장영남','default.png'),(142,'윤종석','default.png'),(143,'소지섭','default.png'),(144,'나나','default.png'),(145,'최광일','default.png'),(146,'신짱구','default.png'),(147,'김철수','default.png'),(148,'한유리','default.png'),(149,'이훈이','default.png'),(150,'맹구','default.png'),(151,'제임스 카메론','default.png'),(152,'조 샐다나','default.png'),(153,'샘 워싱턴','default.png'),(154,'시고니 위버','default.png'),(155,'우나 채플린','default.png'),(156,'지오바니 리비시','default.png'),(157,'스티븐 랭','default.png'),(158,'케이트 윈슬렛','default.png'),(159,'클리프 커티스','default.png'),(160,'피터 리베인','default.png'),(161,'톰 프라이어','default.png'),(162,'올렉 자고로드니','default.png'),(163,'다이애나 포자르스카야','default.png'),(164,'제이크 헨더슨','default.png'),(165,'황정인','default.png'),(166,'윤경호','default.png'),(167,'김태영','default.png'),(168,'이유빈','default.png'),(169,'박진수','default.png'),(170,'피터 리베인','default.png'),(171,'톰 프라이어','default.png'),(172,'올렉 자고로드니','default.png'),(173,'다이애나 포자르스카야','default.png'),(174,'제이크 헨더슨','default.png'),(175,'한재림','default.png'),(176,'송강호','default.png'),(177,'이병헌','default.png'),(178,'전도연','default.png'),(179,'김남길','default.png'),(180,'도내리','default.png'),(181,'피터 리베인','default.png'),(182,'톰 프라이어','default.png'),(183,'올렉 자고로드니','default.png'),(184,'다이애나 포자르스카야','default.png'),(185,'제이크 헨더슨','default.png'),(186,'사토 신스케','defauli.png'),(187,'야마자키 켄토','defauli.png'),(188,'요시자와 료','defauli.png'),(189,'하시모토 칸나','defauli.png'),(190,'세이노 나나','defauli.png'),(191,'임진순','default.png'),(192,'마동석','default.png'),(193,'정경호','default.png'),(194,'오나라','default.png'),(195,'최병모','default.png');
/*!40000 ALTER TABLE `movie_staff_info` ENABLE KEYS */;
UNLOCK TABLES;

--
-- Table structure for table `movie_video`
--

DROP TABLE IF EXISTS `movie_video`;
/*!40101 SET @saved_cs_client     = @@character_set_client */;
/*!50503 SET character_set_client = utf8mb4 */;
CREATE TABLE `movie_video` (
  `mv_seq` int NOT NULL AUTO_INCREMENT,
  `mv_file` varchar(255) NOT NULL,
  `mv_order` int NOT NULL,
  `mv_main` int NOT NULL DEFAULT '0',
  `mv_mi_seq` int NOT NULL,
  PRIMARY KEY (`mv_seq`)
) ENGINE=InnoDB DEFAULT CHARSET=utf8mb4 COLLATE=utf8mb4_0900_ai_ci;
/*!40101 SET character_set_client = @saved_cs_client */;

--
-- Dumping data for table `movie_video`
--

LOCK TABLES `movie_video` WRITE;
/*!40000 ALTER TABLE `movie_video` DISABLE KEYS */;
/*!40000 ALTER TABLE `movie_video` ENABLE KEYS */;
UNLOCK TABLES;

--
-- Table structure for table `movie_videos`
--

DROP TABLE IF EXISTS `movie_videos`;
/*!40101 SET @saved_cs_client     = @@character_set_client */;
/*!50503 SET character_set_client = utf8mb4 */;
CREATE TABLE `movie_videos` (
  `mv_seq` int NOT NULL AUTO_INCREMENT,
  `mv_file` varchar(255) NOT NULL,
  `mv_order` int NOT NULL,
  `mv_main` int NOT NULL DEFAULT '0',
  `mv_mi_seq` int NOT NULL,
  PRIMARY KEY (`mv_seq`)
) ENGINE=InnoDB DEFAULT CHARSET=utf8mb4 COLLATE=utf8mb4_0900_ai_ci;
/*!40101 SET character_set_client = @saved_cs_client */;

--
-- Dumping data for table `movie_videos`
--

LOCK TABLES `movie_videos` WRITE;
/*!40000 ALTER TABLE `movie_videos` DISABLE KEYS */;
/*!40000 ALTER TABLE `movie_videos` ENABLE KEYS */;
UNLOCK TABLES;

--
-- Dumping routines for database 'movie_db'
--

--
-- Final view structure for view `movie_comment_detail_view`
--

/*!50001 DROP VIEW IF EXISTS `movie_comment_detail_view`*/;
/*!50001 SET @saved_cs_client          = @@character_set_client */;
/*!50001 SET @saved_cs_results         = @@character_set_results */;
/*!50001 SET @saved_col_connection     = @@collation_connection */;
/*!50001 SET character_set_client      = utf8mb4 */;
/*!50001 SET character_set_results     = utf8mb4 */;
/*!50001 SET collation_connection      = utf8mb4_0900_ai_ci */;
/*!50001 CREATE ALGORITHM=UNDEFINED */
/*!50013 DEFINER=`root`@`localhost` SQL SECURITY DEFINER */
/*!50001 VIEW `movie_comment_detail_view` AS select `c`.`mi_kor_title` AS `mi_kor_title`,`a`.`mc_score` AS `mc_score`,`a`.`mc_content` AS `mc_content`,`b`.`ai_nickname` AS `ai_nickname`,`b`.`ai_name` AS `ai_name` from ((`movie_comment` `a` join `account_info` `b` on((`a`.`mc_ai_seq` = `b`.`ai_seq`))) join `movie_info` `c` on((`a`.`mc_mi_seq` = `c`.`mi_seq`))) */;
/*!50001 SET character_set_client      = @saved_cs_client */;
/*!50001 SET character_set_results     = @saved_cs_results */;
/*!50001 SET collation_connection      = @saved_col_connection */;
/*!40103 SET TIME_ZONE=@OLD_TIME_ZONE */;

/*!40101 SET SQL_MODE=@OLD_SQL_MODE */;
/*!40014 SET FOREIGN_KEY_CHECKS=@OLD_FOREIGN_KEY_CHECKS */;
/*!40014 SET UNIQUE_CHECKS=@OLD_UNIQUE_CHECKS */;
/*!40101 SET CHARACTER_SET_CLIENT=@OLD_CHARACTER_SET_CLIENT */;
/*!40101 SET CHARACTER_SET_RESULTS=@OLD_CHARACTER_SET_RESULTS */;
/*!40101 SET COLLATION_CONNECTION=@OLD_COLLATION_CONNECTION */;
/*!40111 SET SQL_NOTES=@OLD_SQL_NOTES */;

-- Dump completed on 2022-11-25 17:58:49
