제품0,20000,100
제품1,20000,100
제품2,20000,100
제품3,20000,100
제품4,20000,100
제품5,20000,100
제품6,20000,100
제품7,20000,100
제품8,20000,100
제품9,20000,100
제품10,20000,100
제품11,20000,100
제품12,20000,100
제품13,20000,100
제품14,20000,100
제품15,20000,100
제품16,20000,100
제품17,20000,100
제품18,20000,100
제품19,20000,100
제품20,20000,100
제품21,20000,100
제품22,20000,100
제품23,20000,100
제품24,20000,100
제품25,20000,100
제품26,20000,100
제품27,20000,100
제품28,20000,100
제품29,20000,100
제품30,20000,100
제품31,20000,100
제품32,20000,100
제품33,20000,100
제품34,20000,100
제품35,20000,100
제품36,20000,100
제품37,20000,100
제품38,20000,100
제품39,20000,100
제품40,20000,100
제품41,20000,100
제품42,20000,100
제품43,20000,100
제품44,20000,100
제품45,20000,100
제품46,20000,100
제품47,20000,100
제품48,20000,100
제품49,20000,100
